Short_Name,Virus_ID,MCP_Sequence,MCP_len,IPC,Highest_score,genome_length
RRH1,Singleton_56779_RRH1,MNVYAAGTTQSARPWKATVRTVVTALIGSIPLIPVIVDALGLGAIPWIATVTAVIAAIARILADGRTERFLRTYFPWLAADPDVPNTGRHRADGDVYGSGTSEHTTVFGTPSEQSSATIHGSAGAPADAPTRVVSGLVLPWNTPGGTNRGRIVFPRGSLSLPTDIRRVKLFRDHTGTRDHAPVGYALDAEDRPDGLWMSFAVADTVDAAAALEDIRNGLRDAFSVEATAVRMNGANVVSSLLAAVALVSVPAYADARVEASLDPQPSPEGTPAMNRDQLIAQLLASGLDQAAAEAAADRILAEATSTTPEPAADPATVEGTGSTGGAPTPAATSPAPGAPAPAAAAPVSSTVAASLRPAVVPTFTATAPRRRITVADAAAAVLAVQTGHAGDDIQAALADVTNSAMVEGTPAQWIGELWSGVTYQRRIVPLLGSRALTSWRIQGFTWTTKPAVAAYAGNKAEIPSNQPAIAPYESEATRWAGGHDLDRKFYDFRDTAFLESYWRAMAESYARVTDAAAGTFVVSNATAQSTTGESLFEALAIADAAVDQALNTTAGFYLANPTDRLALLKISNLDAPAYLSMFGIDPTKIVWTATVPAGSIVAGASPAVTFHELPGSPLRVEAEHLSHGGRDAALFGYTALTLDNPDGLVRVNFAAPAGGA,661,4.939,MCP,14270
Arby,AN_56779_Arby,MKHAYLNLSAGLLTASASTRTISGEIVEYGVVGHTSLGPTIFAAGSITAPTPLSKVKMLVQHDTERSVGFLDSLEDNGTKPFAAFKVPDGAEGDDALTKAANGTRDSFSVGVHVQEYSFDDEGNLLVHASTLKEVSLVTIPAFENALVHDVAANRKEAVMTVEEMRAQALANAQTPGNPAVALAAAAAENAPSPAEVTPSAQPATAPTRHATVAEAQAAPIQVGGRRGMDLSAAANIVIEHLRNGLPATQLSAALSDVVPADDAGEGFLRPTFIGELWQAFNDDRPLIDAFGTPGKLTGTKVYGWKWDLANRPKVGRYAGNKTELPSNPLKTVPAESDAQDFAAGWDVARKYIDLGASDFIESVFRGATADYRLQTEIWFGEQILAEATEVAGVTTVLGALSQFNVEAARIGARLSTIQFGVDAWEEFINLPEAQVPWWLKAQGSVELDGMKGRAGGVSFSANLGLGAGQILGADKRAATYYEAGSVPIRVTAQDIPRGGVDLGVFGYAGAIVHDPRAIWVSDDGLV,527,4.73,MCP,15556
Coeur,CW_56779_Coeur,MNARDRTIALAGGLALTLLLVAGVLYAVIAGRDIESLLPTLLGFTAPTIAALFTAAGVAGVRRQVEEVHKQVNGNYHRLANRNDELTQLLAAATGAQTPVANDDDGADPAAGETPAAGGRHRLADYYAEDYVVPLDDDGLHLAADDTDTIDVEAVEAPVHASATERTVSGLVLPWDRLGSTTAGPLAIQRGGVRLPRDISRVKLHFKHTGTEGHRPVGYATGYRVEDDGLHMTFRVARTPDGDAAMLQVTEGVYNAFSAELAGIRRNGQNVVDSVMTGVALVDTPAFSDARVAEVHAQHTETGETPMNPADFIRALIAAGQTEAQARAAAVVQYGQAAVDAVTAADIAPAENTAPATESESAPAAESAPATAAASFTPRPAVVPAGLGTPTTEAIHLSAHEAAETVARMVMGDTAGIAHAALADITNSAMVDATPPQWLGELWAGPAKTRRLIPLMNRRDLRSWRIQGFKWTQKPLVAEYAGDKTEIPTNPVSLAPYEAEAVRWAGGHDLDRKFFDFGDSEILESYWRAMHESYAVVTDQAAGAFLVANATAVGSAADLTRAMITASTAIDDAVHVAPSYYLANPADRLSLLDLTKNDLPAYLDIFGVDPRSIVWTSAVPAGRLIAGARPAATFYELPGSPLRVEAEHLSHGGRDRAMFGYTAFTLDNAAGLVSVTIGTGGGE,683,4.804,MCP,16223
BlueFeather,FE_53901_BlueFeather,MTEPIRLYGDLTAANDDGSLSFKLLPFGEPGMTNKGKLTVKGPGVIKLPSDPSTVHANFEHDFKRPLGKAVALEERQDAIYARFMPADTTAGRDWREEAKEGLRRGISVELNSPVVRNGELLAGELYGAGAVVKPAYPSAQLVTAAEVEDTGDLASALDDAAAAIARAKDTLKPDEEDPAGDPPPPPSDKPVTASSTDKETPAMSKPAVPPLFASSTDKDASKTEYSAGALYAALSAPEENKDLLAAFSTVAKTTNFDIYSQPQYVGEITAAAPYQRRYTDLVRNTPLTSMKVKGWKFVQDKTPIVDDYAGNFAEIPSRAVEITPVEFNAGRVAGGNKVDRIHHDFPDAGFWSGYLRESTADYDRKTDNKVKAMLLAGATPVLKGAAVAGVAPGWSKLVDGILSIWTDYQPNFALIGADLYREMLLTTDKDKLAFLNASLGWTEGDVNGFQFRPIPDAGKVIVGSKDSAELQELPGLIRVSALDVSHAATDEGVYGYNGTWVRDARALVSVVDALV,516,4.777,MCP,16302
Emperor,DM_56779_Emperor,MTERNRTIALIGGLALILLIVAAILYGVVARRPLDSFVPTLLGFATPTIVALLTAAGVRTELGQVKQTVAQVHEQVNGNYSSVVTENRRLHSVIEDLAGDAGATAAIAPETPAKHRKDPTMPATPTSADLHAADTTAVELIAQSAPTQVGADTTSRTITGLAVPYNVAGTPSSGPATIAAGAIGVPSELKRVKLFRDHRRPDGSGQPVGWLTGIENTDAGLRCTFKVADGPEGDQALADAAGVRDGLSVELTDVTRDGITVTAASLAAVALVPTPAFADARVETISASAAPGQPIPPAPAISPMVIPPAPAPAATAPAGLIYATARPAPLTFERVAEVVTAIAQGRTDADLHAALADIKRSEHAWVSQEGWLGELWSGVDYQRTIVPLLGTKPLTHWRINGWRWITKPKVADYAGDKTEIPTNTVETETVDAEAKRIAGGHDLDRKFFDFGDTEFVASYFRAMAESYALQTDQKAANAIVAAAFDGGSAPDLLRAVAKARFIVKRGARTNPTFVLMGDDTLQGLLDYGQFDVPAFLTQLGIEPRNFTSSEIIPEGAVYVGAKQALDFYELPGSPIRVQAEHVAHGGRDAALFGYWGTLLHSTAGVVKVSITPPAAGGGA,619,5.284,MCP,16604
PineapplePizza,Singleton_37537_PineapplePizza,MPIKNPPRRFANFNNIDMLNALRKHMSNDYQARIPVLTKANFDKALRELDNYIPGQNAILAAIINKVGLTKFQADSWENTLAEFKKGELAFGESVEDVQMGLIEATAYDTDRETGERVIFSREDIEMDSSYYQVNRAERYKVTLDNKGGEIRKAFHNESGLNSFIDGVMAAMQTSAEFDEFIEMIKLLSHYEEMGGFFKVQVPDIKTAADPKAAALTLLEAIREYSAEFAYPNRRFNAAGLPTFAKPEDLIILATPAVVARLDVQGLAPIFHLDKADVPARIITIPADKWEIPGAQAILTTVNFFQVYDVLNTMTEIENPANLYSNHWLHVHQIIAYSRFVPAILFTTEEGTDVTPVEWTVTGLGATTIQDIEGADVTTVKRGDGFNLSTTATVSDPIGDTGVGYALEQPGTSRGTRLGTSGVLLVAHDEKAEELRYRVFSAADPSVSAVRTVDVVGTIYEEWPLEVTEPTP,472,4.666,portal,16662
Anseraureola,EE_4442_Anseraureola,MTETRESRELHVRAAVNAETRTISGVGVPYGETITIWGERERLAPGSVEAEGCKLFSRHRDPIGIVTEARDDEAGWHPTAKISATPAGDEAYQLARDGVLDGLSIGFDPVEWHVERDDLGDVIVYDRVRVREVSLVPFPAYPSARVESVRELPTNNNPRREDTPNMNDEQERGDDLREIREQVQDLGRQVALAGQQRAAEPVADERSAGAWLRDLVRGDADAIREYEGMIERAYAGGVAADGILTPQYVGDTIRLIEAPNVLGSIFSTGVLPSKGLQLEYGVLESDTVDVDEQENEGDDLTSGSISLDVDHAEIKTYGGYVELSRQKIERTTNVNVLDLHLRALALRAGRRKAAVLRKHYADLVTANMADPDRVAVVEDATDWIDWLGAIIDGAEWFADLGLSLDALVAGKDRFKELASLKDSANRPLMVVSGTGDNTVGRINAKTLGGDLAGVTVRLDLKGAADRAAFVNGEAIRQYNGPVVELADENIVNLSKRFGVYYYAANATEIPAAVVPVVAALPAGVKDGK,528,4.593,MCP,17425
FortheBois,BO_34697_FortheBois,MPTAATQQPTGNAGNRGGNKDQRVQPTVPFVRASAKHREPTGIDVTKTLTTSDQDFGVFDIPAYGYVRNLVILVTASGGTGGSPAATATESGVFAALKNIYLTEPNGAVIHQFDTAYQLYLANKFGGYGHVVGSDPKADPQFVDQTSAFAGFSYMLRIPVELNGRDGLGSLPNQNAAATFKLRMTLAKVADVAGGTLPTTLPNVRVRVYLEAWDQPEVSSAGATNQVTPPAMNTTQFWSSQTYNVNAGQNTIRLTRVGNYVRNLIFTLRRGGTSRANGESDLMAADPVYLYLDTRPLDIIEPNNWRNTMYQRSGFGGSVGATTPAANSARGLENGVRVYDFMHEFDGTYGHENRDLWLPTLGSTRLEVQFNAANAGTLEVLTNDVAIAGNVFI,393,5.995,MCP,18251
Anjali,FD_37537_Anjali,MLDVKTLKPTANEVLLDAIRNDASPDYIARIPSATQAGIQATLQALQTYRPQQNEFIDALVNKVALSILRSHSWTNPLAEFKRGLLTGGDTIEEIMVGLIKAKTYDPSRDALEQELFGTAPIEVQTNYHRVNRRDKYKVTINQPLLMNAFNQPQGLSNFASQIMAAPGTSDQWDEFLTMCRLFAEYERNGGYHKVKIRDITNPDSPTLAADTKSVLTRIRSMAGTLKFISTAYNAARMPVSARPDELILFVTPDFNAVLDVEALAAAFNIDRALVPSRIIEIPKEQFGIDNVEAILTTKDFFVVADQLFETASQWNPASLQNNYWLHRWQVISASRFVPAIAFTVDEGDEIIRLNPPVTALEAITVVNTENETVTGVLRGERYQVNTATVTDGNSDGIRYYLTGNTSPRTYISQTGVLTVGGDEGGTLTVNAVSTWLDPENIMRDGARQSVTLAVTGTVVLDAWPAVDNPDTTVDDASNVVTGITIQGVAVSPAFDPDVFTYTANVADLPVDEDDVVVTTDGIDQGDIAVTVDGNTVTVEAAGAAGEPVYTVTVS,555,4.338,MCP,19679
Aquarius,BU_57445_Aquarius,MADDFLSAGKLELPGSMIGAVRDRAIDSGVLAKLSPEQPTIFGPVKGAVFSGVPRAKIVGEGEVKPSASVGVSAFTAQPIKVVTQQRVSDEFMWADADYRLGVLQDLISPALGASIGRAVDLIAFHGVDPATGKPAAAVKVSLDKTKHTVDATDSATTDLVKAVGLIAGAGLQVPSGVALDPAFSFALSTEVYPKGSPLAGQPMYPAAGFAGLDNWRGLNVGASSTVSGAPEMSPASGVKAIVGDFSRVHWGFQRNFPIELIEYGDPDQTGRDLKGHNEVMVRAEAVLYVAIESLDSFAVVKEKAAPTPPPAGN,314,5.041,MCP,30112
Chymera,Singleton_8438_Chymera,MANIRELRTKRTKLGADARAIMQTAETEGRAMTPEEEVRFDKLMEERDGVDRTIERAEKLEDDERADGAREDLERGGTRGGDEAMGALRAYFLGGRSVLTERQARALNAGHDPEGGFLVAPQQFVKELLKGIDDMVALRGLATVHQLTTAESLGVPTLDTDLSDAEWTSELATGSQDDGMRFGKRELRPHPVAKRVKISRKLMRSSATNPETLVRERMEYKFGVTAEKAYMVGDGNQKPLGLFTAHADGIPTGRDIDISTSGTGFVNVAAGNAADDLITAKYTLKGAYHKKAQWLFHRLMIASVRKLKDGDGNYIWRAGLADGEPDKILDLPFIMSEFAPSTFGDGDYVGILGDFSYYWIAEALQFEVQRLNELYAETNQVGFIGRQEADGMPVLAEAFVRLQSNDVVP,409,5.008,MCP,34742
Spartoi,Singleton_15229_Spartoi,MTVENAVRSSDFSGFIQPDIAQAYFEEAKRASVVQQLARQVPLSANGAAVPVVTSKPRAGWVAEGAAKPVSDEKMALKTIKPQKLAVIIPVSAEVVRANPGNFMNLIREDIGEAFAKAFDAAALHGTSSPFGAEQNLAATTKAVKLGTAKQSQGGLFGDINSGLDLLAKARKKLNGFVFDDIVEPMMNTAMDTTGRPIFISAPTNGTAEPVRSGTLLGRNALFAEEVAPSTETGATVGFGGDFTKVVWGTVGGITFDVSTEAAVTIGGKLVSLFENNLVAVRAEAEYGLLVADKDAFVKYTI,302,5.344,MCP,35189
Anatole,BV_56201_Anatole,MNLKEQRKAKMAEALNFKARIKAGDALSDDEVKALTALLGDIESLDAQIAKAEENAKVLASVAQLPDADSEKPTGTDGGAKASSLGAHFIKELKASGRSLKDPGSFVSTEFKAATDTQSVGSAGGAFGPLITDVDRTPVIPFQRPLAVADLMASGSVSGNAITYPVFGALEGTSTFVAEGAAKPQLHVANPEWKTDALGEIAAWFKVTDDMAEDIPYLVSEIQSTAIYDLALREELALLSGDGSASSITGILNRPGVQTIAKGTDSDPDRIFSAISKVQEVTGFVADGIVINPADYQAIRLSKDANGQYFGGGFFSGQYGTGGIVQNPPLWGLKTVVTSSIAQGTTVVGPFKAAAKVFRKGGLRVESTNSHADDFTNDKITIRIRERLGLQVKYPSAFVKVALGTAGK,408,5.227,MCP,35284
Austintatious,BC_21687_Austintatious,MAQTTSANMIVPEVWGDMAQAEFTGKVRVAGSAAVLEDNTLEGVPGDTINFPKWGALGELDDLTEGTPMTPAAMSTSSSEAKIKEAGKAVEITDRARLVGIGDPEAEARRQFGVLAARKVDAALIAQAQADETSLGGGNPLTFTAPAGTTKLAWATGIVPAIATFGDEWEPSDFAGLWINSAQLSDIYTDPQFIDASKLGGDTPVRTGMIGTVAGVPVIVTNRIAAKKFLLMKRAALGLLYKRRPLVESDRDILARTTVVTTTLHYAVKRLNDKGVCVGTLAAT,284,5.017,MCP,36213
Maja,Singleton_56201_Maja,MNMSKLKMLQDAARAAAKSATDIAAKADAEGRSLTDAERHDYDEAMAKGRDLLSQIKTAKADEEILAGAKALADEIGGSAPDDVEAQKGAAGALQRVKNLGLEVVNSQQFKAAMKDFPDGRVPERAKFSTSPIQVKSLFVGGSATSAGAFVTPEQSGIIEMLGRRPLTIRDVISVRRTGSDTIEYVVQTSHTNAAAPVAEATTSAAPTAPGTAGALVQAAGGGYKPEGSWAFQRKTATVKTIAEWVPATKRALADAAQLEGLINDELRADIAETEETQILTGNGTGENLTGILSTSGIQTQAFDTDIFVSTRKALTKAQTVGRVVPNAIALNPVDVETVDLARETGGKFLGSGPFSLGPRTLWGKPILETEGVPAGTALVGDFSKAVLWDREQTSISITDSHADFFIRNLVAILAEERVAFGVTRPTAFVSTDVAA,436,5.071,MCP,36776
B22,BW_4589_B22,MPGITGQGTTYNLPNYVGELFAASPEDTPLLSAIGGLTGGESVGARQFEWQGYDLRDADGSRQRLEGANAPDGEERTRYSASNVVEIHQESVEVSYTKQAANRERATSGAATVQLAGSVLPADELTWQIDQQLKQVARDVEKSFIAGTYQLPTDNAKPRRTRGLLEATTTNVAASTHTAKELTVEEILDLFQKVWENGGIQEAETRTVIVGAALKRTLTRLFITDVKYQEESRNVGGVNLQTFETDFGKANIMLDRFMPSDTLVVASLEDLKPAFLDIPGKGHFFAEPLAKTGAADKVQIYGEVGLQYGNQRKHGKLTVAPATPAK,326,5.058,major tail,37219
ArV2,Singleton_15229_ArV2,MAQNAATMTGDFAGFLKPAEAQAYFTQAARRSVVQSLTRQVPLGASGQEIPVVTSKPSAGWVAEGGQKPTTNGALGLKPITPKKLAAITVVSAEVVRANPGNYVSLFRDQIAEAFAVAFDAAALHGTSSPFGAGNNIAATTKSVEIGTSTAAAGGVYSDLNGALKLLVDDKKKLTGWAFDDTAEPLLNAAVDLQGRPLFVDATYENSALSAGRLLRRPAFYSEGVAAGTTVGFAGDWSQAVWGTVGGISYDVSTEATVTINGTLTSLWEHNLVAIRAEAEYGWLVNDNQAFVELLNAA,298,4.928,MCP,37372
EmiRose,Singleton_57253_EmiRose,MAVEHLLYTPEQAARSTLAALKYQSTLARLVNTDFSTEFVAGRGASVTVKRPIVIDKARVYTEANRAAEDAITYSTVAEPYTSIKVTDQVYNAAKLPDDFATFTLTSLEQQVIAPMAESVAEHINKVVADAFATVPAGLLPVLDQSAKLKDTDPRFVGADDKKYASMQAIKTAGTTFKGFVNQVTVPADKLKATYKEDVLVAIRSARQVLGQRGVPATGRTLVVGANWEAALLSLDNLNKVNEAGDNGALLRQATLGNLYGFTIVVDYALEPNDAYAFQRDAVTLITRTTAAPRGASFASTVAAEGFTMRYLQDYDPDHLVDRAVVDTFAGAQVLDPQRIVRLTGADTMTDKAPGATPEPAPEA,364,5.057,MCP,37429
Cumberbatch,BP_21687_Cumberbatch,MPETKAANLIVPEVWADMSQAKFVGTVRVGGSSAVMRDNTLVGQPGDSISFPKWGALGELDELTEAVAMATTVMSQTSSKATIKEAGKAVEISDNAMLNALGDPRAEAQRQFGILAARKVDADLIAQAQADETAAGGGNPYRYTATETALSWGVINHAIALFGDEFDPAEFAGIFINSAQRTQAWDDPQFTDASKLGGSIPVTTGMIGAIAGMPVVVTDRVAAGKFLILKKNSLGLLYKRAPIVEYDRDILKRTNVITTNVHYAVKRLDDRGVCVGTLATP,281,5.076,MCP,37566
mu16,Singleton_56201_mu16,MPPTPTLEEQRAALLARLDDTSLTTEQVQEIVAEARGLADALQAESDRAAARAALLRTAPPAPKGPADGGTPLTPAEAGTFRSLAQRFADSDGLREYRARDKRGQFQVEMRDIDPNRLLSRDAPAGTITNPNVPHLPQLVPGIVPTTPDLPLLVADLLDQQNADYNVLEYIRDTSGTAGAGSTWNKAAVVPEGTAKPQSTLSFDTITTTLKTVAHWLPITRQAADDNSQLMGYIQGRLTYGLRFLRDRQLLNGNGSTEMQGILTTPGIGTYQQPKPTAPATDEPPLVDIRRAKTVAEIAGFPPDGVVVHPQDWESIELDQAPGSGVFRVIANVQGEATPRIWGLNVVSTVAIAQGTALVGGFRQGATLWSRQGITVLMTDSHADFFTANTLVILAEFRANLAVYQPKAFVRVTFAAATT,419,5.071,MCP,38194
IdentityCrisis,Singleton_57445_IdentityCrisis,MAVLTSSQLNLPDEILDPWLGKVKYGSSIATLSNSEPMKFGTGSYMTFDIGEAEYVGEGTAKGPSTITQTRKKTKPYKFHKTVRWTEEVKWADEDHQLEAIEQILSLIQPALSRALDFGVYHGINPTGGQAVTAMEEHLAQTTNVVEIESDDAPQLNLDAADELVLDDRFMPKDLALDPTYAAVFGSQRLPVATGERIGPKMYPDLVYATAPAGRLENHNSSVSDTVGAVGIAQTATNVKAFVGDFSAIRWGIQRAIGLEMIEYGDPDGQGDLKRNNEVAFRAEVVYGWGIADLSAFAKIVDAAA,305,4.565,MCP,38341
Mojorita,BC_55176_Mojorita,MPITLAEAKTNAVDDIDVAVIDEFRKSSVILDSLQFDQAVNPAGGGSTLTYGYRRLVTQPTAAFRALNTEYAPSNVTTQRYTVDLAVLGGSFEVDRVIAGIGPAASGSVALNMSQKIKATSTKFQDAVINGDVAADANSFDGLDKALSGTATEFRAGVVTDWTDFDTNPAAVHRALDALDEWLSMLDGTPTVILGNAKALARVRAAARRAGMYTRSPIEGLIGDNGRPIERETYGGIVFADPGTKAGSNDPIIPTENRTVGGTAATGLTDLYAYRAGLDGFHGVATAGGQLVNSYLPNLTSPGAVKLGEVEMGPVAVVLKATKAASVFRNLKVVGA,336,4.973,MCP,38496
Appa,GA_21687_Appa,MAQTLASDLIVPEVWGDAVMVSVQGSAVLLPLVDADDELVGQPGDTVHFPKFNYIGDAVDLTEGVAMTPTKMSMTDSYATIKEAGKAVELTDTAVLTAIGRPNDQARVQLALSIARKIDSDIRAAAEYEHTNGGAGDPEPTSAPLKVTATGVMSWAAYVSAIALLGDEYDPSDIAGIVLHSSQHVALLNDDKFISSESFGANAVITRGQVGAIGTVRVYVSDRASQGGTAGTRKALIIKRGAIQLKYKRRPIVETDRDILARTNIITTNVHYAVKRVDDRGVIVLTTAETAA,292,4.922,MCP,38684
Abidatro,AS_56201_Abidatro,MSTKLKSLQEAAVAAAGRARAIAEKADREGRDLTEQEQADYKADMLKGRDLLEQIKTAKQDEAILAEAKALADEIGGTASADLEGQKSAAAGLARVKNLGLEIVNSAEFKAAMAPYKGGAVPERSRFQTDPIAVKGLFTGGDSSSAGVFVTPEQTGILEMLGRRPLTIRDLISKRTTGSDTVEYVVQTAHTNAAAPVPEATSTGPLGDGTNGTATKVTGGYKPEGSWAFERKTATVKTIAEWVPATKRALADAGQLQGLINDELRKDIAETEEVQILTGDGEGENLPGILNTSGIQSQAFDTDLFVTARRAITKVRTVGRVVPSAFAFHPEDVEKIDLARENGATGKFLGAGPFAMGPRTLWGVPVVESEGVAAGEGLLGDFSKAVLWDREQTTVTMTDSHADFFIRNMVAVLAEERVAFGVTRPAAFATVATR,434,5.081,MCP,39122
REQ3,Singleton_55176_REQ3,MAVSLAESKNNAVQDYDPAVIDEFRKESAILDSLIFDDVVNPAGGGATLDYGYRRLITQPTADFRALNTEYTPANVTTQKYSTTLAVLGGSFEVDRVIAKIGANASGTVALNMSQKIKAARTKFQDAIINGDTAVDANGFDGLDKALVGTTTEFNAGKVTDWTDFDTNPRAEHKALDAIDEFLSLLDGAPTVILGNSKALARVRAAVRRAGQYTKDPVEGLLGPGGRPVVRETYGGVLLVDPGAKAGSNNPIVPVATRTVATVSTTGLTDLYAYRVGLDGFHGVSTVGGQLVESWLPDFSSAGAVKKGEVELGPVGVALKSTKAAAVFRNIKVQ,334,5.261,MCP,39474
Dubu,BJ_4631_Dubu,MAVTSFIPEIWNAQLLTDFREQAVAAALTNREYEGNATSGNVVRINSATAVAVADYKAAGRVTSASAVSTTSQDLLIDQEKSFDFYVDDIDRAQAAGSMDAFTRSAGEGLAEDADKFILATAVTGAGTALPSANLTPETAFDVIRDMRKTLNKAKVPGANRVLVVNAEFEAILLSSASKLTSVDTSGSPEGLRNATLGRLLGFDIVTSENLPTVAAPQALAFYRPALAYVSQVEKTEALRATDKFADRLRGLHVYGAKVIRPTALVSFTDVTA,273,4.882,MCP,39535
DelaGarza,Singleton_21687_DelaGarza,MATTTKADLIVPEVYAPVAVKEAVNAAVMTQVATVDDTLVGQPGDTVTFPKFNRINPASDLTEGVPIVPQKLTTDDMTATIREIGTAVEVTDTAELTALGNPSSRARTAISEALAEKVDLDLRAAAESTVGSSPIVLPSQDALDWASITAAIAAFGDKWDPTKVAGIVIHSRQHVGLLRDENFKSSLTFGSGQAIMRGQVGSLAGNIPVIISDAATKTEGATDDEDTYNALVIRKGALGLLYKRRALIESDRDIYARITGFAITAHLATKRLDDKGVVVLPTRAVI,286,4.873,MCP,39631
Footloose,Singleton_57253_Footloose,MAITLFNPTQAARATLSSLRYLTNLPRTVRQDFSNEFVAGRGQTVNVLGPISAGTAKVYTPANRAARDAIQFNDITQAWFPVTLDRQVYNAVRLPDDFATFTLEDMTRQVLRPQAESVVDALAAPLIAQMTAIVTDSSIPAVAPDGSNIRQVLIKARQVLNERKIPAADRWFAVGSDIEAAILSDSLLQKVNESGSSEVLRNATIGRLFGFTIVADPTLPSDFGVAYHRDAFAHVTRPSRQPDGAAFSAAVAQDGYALRWIQHYNPLQLEDQSVVDTFFGATTLDADRAVSVTLAP,296,5.255,MCP,39738
OnionKnight,Singleton_56201_OnionKnight,MSNFARVRPVGYRKGRAAIGEDPKRRYPIYAIKGGAPTLLEQRDEVARLLADENYDGDVDELLARADQITSQIEQANARQARLRALQGAVPPGDPQPQPGDQRQQPGMQPDDRGNPDPVSAAEAFVRSAALESFRERGFRGESGAVEFRAPVSGAVTTGTVPQQNTRVPGILPNNPDLPLLVANLFDRQTSDGSTLEYLRDVSGPQSTWNKAAVVPEGDTKPQTGPFVFDTITTTLKTVAHWVPITRQAADDNGQLMGYINGRLSYGLDYKLDRELLVGNGTTEVQGVLTTPGIGTYQPELGNTDVKLITVRKARTQAELALYPPDSVVMNPIDWQDIQLDEDANGQFRVITSVQDPSAPNRLWGLTVVTTVAMTQGTALLGGFRMGATLWERQGITILMTDSHADFFVKNTLVVLAERRANLAVHTPQCFVEITFAAATA,441,4.993,MCP,39921
Kumotta,FB_56201_Kumotta,MNLKQLRAAALKAAQDIIDGAKAAGRDLTAEEQTTVEAKFAEVDGFDAKIKAASESDALMKRLGSYGAPEEDDKDREAKGPAKSLGEHFVKSVGEDGLIRVKTVGGATVSAPEWSPNAKAATDTQATPASLAPWLTTFDRTVVRAFRRPVISDLLGQGVLGAGSNAVSYLVEGAVEGSLATVAEGGAKPQFHLTDPTTRTDALKKIAGFLKFTDEMAEDADFWVSEINNRGLYLLALAEENQLLNGDGTGNNVLGLLQRSGIQTEAAANNTDNADAIYRALSKVQTGTGLTADGIVINPTDYQNLRLRKDGNGQYFGGGFFQGQYGNGDIQWQPPLWGIPTIVSAAVAAGTVAVGAFNAASTVYRKGGVRVESTNSHASDFTNNLITTRIEERVALANRIPAATVKVTLSNTPPA,415,5.074,MCP,40317
Colleen,EO_72370_Colleen,MLNTGFFPGEAPKVTADGITVSLMLKEPTRIARYISDITALGMFTDRIFAHGTAEGGAILYDVATKNAMLADDHMGIIAPGGNYPIVDASDGEPKVTKTKKLGGKFGITDEAASRNDMAYMQRRAQRVANTMVYDTDSQGLAAITAALAEYDSDIIKVESGGWESINKTAKSAQTAEKSIRADINKALAEGQKTLMGYQYDVLVLHTDDKLQYDNAFEDDVKAAALAASKGIEIIGSPLATKGEGWLIASNSVGTMGVESPVTSTPYRDEDHDLTWVKTRAIMAHAITDPLAVIRIQNLGA,301,4.904,MCP,40524
Jojo24,DY_56201_Jojo24,MPTATKVKELGDAMQAAIKTARDIAEKADAESREMTDAEAGDYKTAMSQSADLLTQFKSAKADYEVLSEAADFAKSIGPAAVEDVKAQQYNATRERVKALGLQVVESDAFKSLLAPFKDSGRIPEKARIQSDPIPVKSLIVGGSDTSAGAFVTPEQTGIVEMLGRKPLTIRDLISVRRTGSDVVEYVVQTSHTNAAAPVPEATSSAAPTAPGSAGALVLATGGGYKPEGAWAFERKSTSVKTIAEWVPATKRALADVAQMEGLINDELRADIAEAEENQILNGNGSGENLTGIMNTSGVQTQAFDTDIFVSTRKAITKARTIGRVAPNAVLLSPADMETVDLARDNDDRFYGAGPFAMGPRTLWGLPTIESESIVDGTALVGDFSKAVLWDREETTVTISDSHADFFIRNLVAVLAEERVAFGVTRPTAFVKTDVAA,437,4.714,MCP,40579
Abigail,EB_56201_Abigail,MDPKAELAQLEAKNSAIIAGVKASKRDLTDAEVADLEKDADRITELKAIIARGEKNAELMARFSTVEDSEDTPAAETPKAATLGEHFVKSGAQATFLKGQGQRTASAPEFKAATDTNLVAGNGQVQYGGVYETPLRRLTIASLLGSGTMNNTSLTYWVQGAVEGNPTAVAEDGQKPQIHFNFSPVTEALSKIAVITKVSDEAMADTDYLVSVINSQLVGRLMVVEEDQILNGSGTAPNLRGILNRTGLQTYATTATYTPNKGFDAIFHAITMVATGSAQETADGIVINPADYETLRLSKDGNDNYRGGGPFAGGNPGLWGVRTVVTPAIAAGTVLVGAFGTAAQLFRKGGIQVDSTNSDSTDFQFNRVALRAEERILLAVYRPAAFVKLTLTA,393,4.976,MCP,41003
GMA1,Singleton_55176_GMA1,MAPITLAEAKKNTQEDYDPFVIDEFRKVSALLDGMIFDDAVNPAGGGATLTYGYRRLVDQANAAFRALNSEYTDQAVTTVQKSVNLAVLGGSFSIDRVVAKLGPAASGQIALHIAQLAKAASAKFQDALINGDTATDANGFDGLSKALTGSATEITSTADWSDFDTNPRAEHKALDVIDEFLMSLDGAPTFLVANKAALARVRAAVRRSGQYVKDPVEGLVGPSGRPVERETYGGITLIDAGEKPGSSAPVIPVDGTTKKTDIYAIRVGLDGFHAVTTVGSQVIQTWLPDFSTSGAVKRGEVELGPVGCALKATKAAAVLRGVKVA,326,5.219,MCP,41207
Juicebox,Singleton_72370_Juicebox,MARDPMFPLGAPEVRDGAITIDMMLNEPTRIDNYAARLVERDLLTQVIFGNVTTSGGALLFDQLVKNEATATDKPGVIAPGAEFPVLHTPDGEPMVKRVQKTGGKFGITDEARNRNDAVLLQRKISQVANTMVKDLDERGIKALSDALTVLDDRALTVASGGWAAAAGVQASAKTAKTGEGELINNLLDAQLKIQETELGYNPDVLILNPADAKNLKLVFGVANYQEMLSTFGLTLHTTTAQPAGEGLVLQSGMVGVMGVESPISTETWRDASVQTTWSQTWATVAFGVTDPMAMVKLTNLGA,303,4.689,MCP,41394
Euratis,BB_19704_Euratis,MDATTLSANFEARERATNELRTLTDEFAGKPMDADATAKEERLLTAIADFDGRIKRGVEALKATEGIQTLMGSVNLGGDSGLRSADTPTDDGARLRSMQVNESLEFAPEKRDGTKAGNPNVLGRTLYGQLIAQAVERSAVMRGGASSFTTSDANPIDFTVITGRSTAGIVGEAQPIPESYPTTIQRSMSGFKYGHAATVSYEFATDQVLDLVGFLVGDAGPAIGDAMGRHFLTGTGTNEPRGILTDASPATATFTATAEDGTVSDALIDLHYEVPSAYRTNAKYVVNDKRAAQMRKLKDANGQYLWQSSLQVGIPDSFNGKPVLTDDGMPVDKVLFADLSKYRIRFAGALRVDRSVDVKFNTDQIVYRFLQRADGLLVDARGAKLLTVGA,390,5.034,MCP,41403
Angel,G_57445_Angel,MATFGTGSLKNLPRNIADGMVKDVVQGSTVAALSARKPQRFGNEDIITFNGRPKAEFVGEGQQKSSTTGEFDFVTSTPKKAQVTMRFNEEVQWADEDYQLGVLATLSEAGAEALARALDLGLYHRINPLTGTVIPGWSNYLGAASKRVELTTDTIANPDLAIEAAVGLLVANGHPTPVNGLALHPSIAWGLSTARFTDGRKKFPELGLGIGLSSFEGINASVSDTVNGGDEADPDDEDLDGARAVRGIVGDFANGIHWGVQRDIPVELIKYGDPDGQGDLKRHNQIALRLEIVYGWYVFTDRFVVIENAVA,311,4.736,MCP,41441
phiSAV,Singleton_phiSAV,MPVTLSEAKNNATDAVDVQVIDEFRKESAVLDALTFDDVVNPAGGGATLTYGYRRLVTQPTAAFRALNTEYAPSNVQTQRYSVDLAVLGGSFEVDRVIAKVGPAASGAVALNMAQKIKATKTRFQDAVINGDVDGGEDADAENGFDGLDKALRGSDTEFRATQTTNWSDFDTNPASAQVALDTLDEWLSLLDGAPTMVLGNKTALARVRALARRAGQYVQSPVDGLLGPGGRPIVREQYGNIVFVDPGEKPGTSAPIIPIETRDPDSSTWTLEVTGSPTGGTYTVSVTVGGSTQTTSGIAYNANASTVQSAITGLSNVGTGNATVSGTTVKTLTFTGDLADLSVGVTASGASLTGGTSPAVAVAQTGNSAVSGLTDLYAVRMGLDGFHGVTTVGGQIVSTYLPDFTTAGAVKKGEVEMGPIAVVLKATKAAAVFRNIKVQ,440,4.576,MCP,41527
Oxtober96,EA_15199_Oxtober96,MADISRADALALLATQELDSIIKPETSGSAALAAFRSIRMSAGTVSMPVLAALPTAGWVTDDTSGAATGTKPTSKVSWTGKNLVAEEIAVIVPVHENTIADSRFDIWGEVRPLVSQEFGRVLDEAVFFGVNKPATWLDPALVPGAIAAGNTIADGTGIDLADDINEAFGFVEDDEFDVNVAFTGRFLRRRLRGLRDADNAPIYLDGVRSDNRTAEIYGQDLMYVGNRSWDRDEAVLLAGDRSKVLLGIREDVQVKLLTEATIGGINLAEKDMVALRFKFRVAYSTAFSTAGGEVTDYPFAVITPDVTP,308,4.4,MCP,41798
Attoomi,Singleton_57253_Attoomi,MANAFLKAETIAATALGLLEREMVLSNLVWSNAGFDFTGAKADTVTVRIPATTTAREYEWRNDRSADIVLDSLAEDSITVTLNKDIYSAIAVTDEELTLDIKDFGAQVLQPQVNAIAKAVDTGVATMIEGATYGTPTVTLDPADPFLGLVDARAALNKNNIPQEGRTFLMGADVETALLKSGRINDVSKSGSDSALRNATVGRLAGFDLVVSNAIAPDAAYAFIPSAFVLATRAPAIPAGVTSGSSQSYNGLAMRWIRDYDAAKLRDRSILNVYAGYNVMTDKVGASKKLVRAVKCDLAAPVAP,304,4.776,MCP,41872
Dogfish,DT_55176_Dogfish,MALTLAQAAVLSSDQHARAIHEIFVQESPILDRLPLMDIEGNAYAYDLEATLPGVAFRGVNEAYVESTGTFNQATERLVILGGDADVDRFIQKTRSNRYSQRAEQDKLKVKALSFKMNDHFINGDTAVDPKGFDGLKKRLVGSQVIDAGTNGIPIVGDGTSDSHTFFDKLDELLAAVPNADAIYANRQVRSKIISAGRRIGGVETVREDTTGKRVAQWQGVPVLDLGDNLAGGQVIPQGETMGTSNVTSSVYAVRFGDSDGDQAVTGLTNGGVMVDDLGQLQEKPAERTRIEFYCGLALFGGKAAARLRGVIAA,314,5.012,MCP,41907
Faith5x5,CZ_56201_Faith5x5,MNARIKTLTDAAQAAAKTARDIAEKAAAEAREMNETEQHDYDAAMKKGRELLPQIETAKADQAVIDQAMGLANEIGPEAKGDLAGQDGNIPVRERVKSLGLQVVGSDEYKALMKGFPEGRIPDRASVKSNPVRVKGLFTGTSSTSGGAFVTNERTDIVEMLGRKTLTIRDLVSVRQTGSDTVEFVKQTSHTNAAAVVPEATSSAAPTAPGTAGALVLNANGGYKPEGSWAFDVETAVVKTIAEWVPATRRALADVAQLEGLINDELALDVKEAEENQILNGNGSGENFTGINNVSGVQAQAWSTDLFTTTRKAITKARIAGRVNPTAWVLNPEDAEVLDLQKDGENRYYFGGPFAIANKTLWGIPVVESESQAAGTGLLGDFTKAVIWDREQTTITMTDSHADFFIRNMIAILAEERLAFGVTRPTAFVSVDLTA,435,4.844,MCP,41982
Gudmit,Singleton_56201_Gudmit,MNARVKGLGEAAQAAVKTAREITEKAAADGGRALTETEQHDYDEAMKKGRDLLAQYQTAKADQDVIDQAMGLATEIGGAAKGDLGAQNGEIPVRERVKSLGLQITDSAEFKSMMDRFKSDGGGYRVPDRASVQSSPIGVKGLFTGASDTSGGAFVVTERTDIVEPLGRKELKIRDIVSVRRTTSDKVEYVAQTSHTNAAAPVPEATSSAAPTAPGTAGALVNNAGGGYKPEGAWAYEVRSADVKTIAEWVPATKRALADVAQLEGLINDELAADVREAEEGQILNGNGSGENFTGINNWSGIQTQTFSTNIFDTVRKAVTKARTVGRVNPTAVVVNPADAETIDLAKDANNQYYYGGPFAISNRTLWGLPVIESETQAAGTALVGDFTKAVVWDREQTTITMTDSHADFFIRNLVAILAEERLAFAVTRPTAFVKAALA,439,4.973,MCP,42205
Cicada,EJ_21687_Cicada,MATTVATDLIVPEVWGPMVMKAALARAVMVPLATTDTTLEGQPGDTIQWPTYGYIGDAVDTAETDAIVPVKLTTDSSDATIKEATKGVELTDKAVLTAMGNPTQEALRQLGLSTARKFDADLHASALAGIPAGQVVTADELTWDAVTVAIGKFGDEWDPSDMAALVVHSDVHGTLLRDPRFQDLASIGSNAVLRGQVGAIGGVPIVVSNRVTKTADATPRYRNLFIRKGALLFVRKRAAIIERDRDILRRTTVVTTNAHYGTKRVDDAGIVEINTAAAEPDLVAGA,286,4.922,MCP,42350
Bernal13,T_4589_Bernal13,MATVNGLGTTFNLPNFTGELFNVAPSETPFLSAIGGLGQGKRTDSVEFQWQIEGLEETSVNNSKIEGAPAPDASEVSRSAVSNVVEIHQESVEVSYTKQAATGQLSGINIGGADNPVTDELTHQIMLKLAKVGVDIEKSFLLGEYAKPTDLSAPRKTRGVLSAVTTNLFTDTAKRALTEDLVSSALQAMYDNGAKLPQDTTVFMVSGAQKRMLTKVYGQAPTLNQPTMSRNIGGVAVDTLVTDFGTFGVMLNRWMPADAIGIVDLSVCVPVFLEIPDKGVLFAEPLAKTGSSEKYQLYGEVGLEYGPETYHGLVNQLMTPAEVAAAD,327,4.541,MCP,42392
AbbeyMikolon,BL_55176_AbbeyMikolon,MALTLVEAAKLSQDDLQRGVLEIFVQESSILDRIPFLTIEGNAYAYNEEASLPGVEFRSVNEGYAESTGTVNPKSERLVILGGDADVDTFIVKTRGNLNDQRAIQTRMKVKAVSYKFQDHFFNGDTEVDPKGFDGLKKRLTGAQVLAADANGMGPVAGGHDFMDALDALIASVPGLNGSNGAIYANRAVIAKVKSSARRLGGVEFIKDAMTSKMVATYNGIALLDPGQTPAGADILPMTETQGTATDASSVYAVKFGQDETDQAVTGLTNGGVTVRDLGELDSKPVYRTRLEFFTGLAVFGGRGAARLTGVQAK,314,4.954,MCP,42551
Elesar,FF_73654_Elesar,MQTYPFTPSQQATATAADLLAFIKSPTLLARRFGEILTAQQFIGLFLLTGRYTLQGGAIAVPSNEKIRTDRTAEGVAPGAEYKLTPLSAEQYEVYTGSKEGIATEIVDEEIGRSLRQPIDDALTLLQTELVFDANELALGVIQSSVTQTLAAGAAWTNGKQILKDALRVQAASRRLKLGYAIDTVVLPSEQYAEIMPELIDILPDNDNTALTGAFPTISGITWVSSDGDDISDPIFVDRRRLGGIARETIPSPEYRQVGGDTGVEVASIREPKADKTRLQARNPHVPVVTNPLAGFVLTGTGA,303,4.681,MCP,42954
Lucky10,DH_57445_Lucky10,MAVLQSTDLFLPTNIANGIVEKTKTGSTVAALSGQEPMRFGKTEIITFDDDLTAEFVEESGAKGADDAKPSRVTAVPHKAVVQMRTSDEFKWADEDYQLGILAKYQEKCSRAISRGLDLGLYYRLNPRTGTAITAWTNYLNSTTKRIEVGANADLDFEQAAGLVIGAGYSVNGVAFDPQHAWTLSTARYNDGRKKYPELGLGAGLSSFEGVTAAVSTTVSGKPTDGDTTDNGVRAILGNYQGGIRWGVQRSFPFRMLEYGDPDNTGKDLAGHNEVLFRTEIVYGWYVFPGQFAVIENGTP,300,4.938,MCP,42979
Adolin,AZ_57253_Adolin,MANTLYTPDQVAKVAVAMAAEDSFLGALINRNFENDLLGGGGKGRTVNVKVPSALIARARGLDATSAIVLDQLTETTIPVTLGEHLYSAVSLTEGEMNLDLTDFSAQVLAPQVAAVVDRIENEVAEALAAITLDTSIAWSASDPVKTFTEIRKVLRARGVPASGLNVVVGTNVFAALLDANAITDASQSGSTEALREGSVGKLRGFQIVESTRVDEDEIVAFHRDAFTLAVRAPLVPAGQFGATAASNGYNLRTLRDYDVTTTQHRSMVSTFAGVAAMPLYKVTRDYTGNTAVVEEVAGGAALRMSIGDVEPV,313,4.654,MCP,43022
Bridgette,FA_15199_Bridgette,MGIYRKKDVIPIPYNNLTSRTDAQALIPEEVSKEMLGKATEQSAVLQQFRRIPVGRNQVRFPVLSALPVAYWVNGDTGLKQTTEINWTNKYLNIEEIATIVPVPDNVLADVDVNVWDEAMPYLIEAFGRTLDSAVVFGTNAPGTFPQAIVPAIAAAGNAVTEGSTAAQGGYLGDLDKAYGKVEEDGFEANGIIAGIGLKGKLRGARDANGQKIDPTRVGADLKSIDGLPVSYPMRGLWPSAGGAGTNVRALVGDWSQFVVGVRQDITLKVLDQAVIQDNTGAIIYNLAQQDMTALRLTFRVGWQVANTLNNDQPTEANRYPAASLIF,327,4.827,MCP,43113
Aledel,AK_56201_Aledel,MDLKAQRAAALKAAQALTAKAAGEGRDLTDAEAQEVEGHIAEVKSLDAKIAAGERGKGLLSTLGSLAKGDENEDLREKGLQTAAKSLGDHFAKSIYSEVKENLGVKGYSVSTSEWEGPAKAAGDTHTVGSVFQTPVLTEFDRTIVQAPRPELILADLLGSGTISGQAIAYFIEQGPVQGGFTTVAEGAAKPQLHIPDPILASDAIRKIAGFIKFTDEMMEDLPFVVSEINTRLLYELAKFEEQQLIYGDGTGQNILGLLNRSGIQLGARTSGEGVADAIFRQITAVQTASGLNADSLVMHPLDYQALRLQKDANEQYMGGGFFQGQYGNGGVLQNPPVWGLRTLVTPSVAQGTAIVGALKQATTVYRKGGVRVESTNSHSTDFTDNKITVRAEERLGLAVRRPSAIVKLDLAPVA,415,5.225,MCP,43739
Sleepyhead,Singleton_55176_Sleepyhead,MAVTLAQAAAVEPDPVRKGAIEIMHEVSNVFDRLPIEAIEGNAYSYDTEGALPGTGFRTVNEAYIESTGVINMDTERLVILGGDADVDRFLEKTFGATRGSLMAQQVKMKLTSSHATFIDAMFNGDTLVNPKSFDGLRKRLVGKQVIDSTASARTEAFLDELDDLFATVKGGSPDVVYGPKEVIGKLKSLGRKVGGADYVNSEITGKREFTWNGVPFVDPGEHWSGRRVLPYASAGSDLYAVKFASNFNEHGVMGISNGGLQAYNLGELQEKPAYRTRIEFYCGVVVQGGQAAARLRGVKL,301,5.387,MCP,43943
Adelaide,EP_73654_Adelaide,MGNIITSAYDGDPITVDSLIKDPKWIAERTIQNLDGAFLEDLLFRNAGSNDSGVAAFHEAASPFLADDAEVVAEFGEIPVSGLNLGKVRTVIGQKVAMGIRVSYEQRHENRLDMVSKQQTALQNTMIRSGVRASLAAFAAAETPTAAATAAWSGGAGDPAKDVLDAIEQIQAAKPDNAKDDEVFGYNPNTLVLAPVTLTALLRNEQVQKFYVGDNAAENPLYTGVHPKTLFGLTVATSRFMDPTKAIVLESGVAGFRSDTIPLQMTPLYQEGGDSGMGGPMMSWRSDAVRKRIIAVDEPKSVLTITGVTA,310,4.7,MCP,44104
Aggie,N_56201_Aggie,MSARLAALKDRADAEAKKARDIAQLAVDNGREMTDDEKADYDASMKALTEILDAVKAVKADEAVLDQAKAFSDSVGVPEDGGDLKARVKSLGLTVVESPEFKAMLKPFGGGQIPSKARIQSDPIKVKSLFTGASSTSAGAFVVNDRTDIVEMLGRKPLTIRNLVSNRRTSSDAVEFVRETSHTNAAAPVAEATSSAMPTAPAGTEGGALVLATGGGYKPEGSWAFEVVQTNVKTIAEWVPVTRRALADVAQLEGLINDELSKDVAEAEEDQILNGNGSGENFTGINNTSGVQTQAWTTDFLTTTRKAITKARTVGRVNPTAWVFNPEDAEMIDLLKDGENRYYYGGPQFIGQRTLWGVPVVESESQAQGTGLLGDFGKAVIWDREDTTVTMSDSHADFFVRNLIAILAEERLAFGVTRPAAFVKVPTSGS,430,4.789,MCP,44333
Gustav,CD_56201_Gustav,MKLKERRVSLVKEANDLVAERKSAGAELSAEDRTKLQGLIDQVKGIDKDLDDIAKGSELKSALEGLGRTEDGKEIKGDGSGGDGAATEAKSLGDYFVKSIGDNASVLSVRGGKFDAGEFKAPATQTTTWPAGVPILTDYDKTIVQARRERPTIADLCGAGTISGNAISYFVEAAMQGGFATVAEGGAKPQISFDNPTAVVDALKKIAGWIDMTDEFIEDLGFLKSEIDTRLLYQLTMFEEAQLLSGNGTGQNLLGIRNRSGVQVQAAPTDAADNADAVFEAMTKVSTATSLTADALVIHPLDYQEFRLSKDGNGQYFGGGYFQGQYGNGSVLENPNLWGLRTVVTTAATQGEILLGAFRIGATVYRKGGVRVEATNTHADNFTNNKVTVRAEERVALAVRYPAAFVKVGLAAAE,414,4.888,MCP,44408
Eyre,Singleton_14117_Eyre,MFGNDLPVHPLTGLRALGMTKRGPVWPALGGALDDDPKAEERKAPTLTHPQAVKRMEEIHARMEEIGELEDISPEERSEFDGLRSEFDEVRAHAERLEVAAELAAVRSAAPKGRRNLRADSGLAGGATSRSDYDRDAILEPDSIEEHRFRNPWDLSEMRTYGRDGAEIREEFRARALDAISKMQGASDNVRQAATTIVENFDDKSSTLARQALLTSSPAYLRGWSKMARDQRESLTAEETRAISEVRALSLTDANGGYLVPFQLDPTIILTSAGSRNDIRQFARTVVATGDAWHGVSAGAVSWSWDPEATEVSDDSPTFGQPTIPIHKAQGFVPISIEALEDAQNITAAVALLLAEGKDALEAEAFITGSGTNQPKGIVTALDGTAAEVAPATAETLSIGDIYALQGALPSRYRAAAAWLANNLIYNRIRQFDTAGGAGLWESIGNDRPAQLLGRPVGEAEAMDGAINPAATADNHVAIHGDFSNYVIADRVGMAVEFIPHLFGANRRPTGQRGWYAYYRTGADVVNVNAFRMLNVATTV,540,4.854,MCP,44929
Archimedes,DA_56201_Archimedes,MDKWLKQRAELLGSAKSLIDQRQKENAELTDGDRGRLKEWADEIETLDGKIEAAKNDASLVDKFKAFQPGPDAPGEKSGEKGGEKDNRPAPTLGAHVIKSIFEPHGASLKSNPGTSLFAPEYGAEAEKAAATQVVGGWEDPGEGPILTQYDRAIIRRLKRERPVIADLLGAGRIGNGTNAVSYLLENPLVEGGFGNVAEGGAKPQISFGLPSWETDAARKIAGHIKFSDEFIADLAFIKTEIDERLLYLLAMREEAQLLNGDGTGQNILGLLNRSGVQVEASASSADDADTIFRAMTKIATATELSADGLVIHPLDYQKFRLSKDANGQYFGGGFFEGQYGNGGGIAAQPPLWGLRTVVTPAVPVGSPLVGAFKQAATLYRKGGVQVDATNSHVDDFTNNLVTVRVEERVALAVRQPAGIVKVTLSTATP,430,5.144,MCP,44938
Adat,AV_20324_Adat,MPQTMANLEPILKEVYSGSLEKQLNNDTVAYNRIKPSKDGTGTLPHGGRYVVFPLHVSRNNGIGARNEGEALPNAGKQGTVRAQLGLRYQYGSIELTGQTYELATKDYQSFASAMELEVNGVKDDLSKDRNRQYFGNGNGRVATVVSVAGQVITVDNHQHIQDDELLDIQVQATATIRQTNITVTTVNEDTNEVTVTGTLTGVVAGDILVRKGSFNREWTGLAAIVDNASTLYGINPAAQRLWKSEVNNQGGIETPFSEAVFMRMSDRLGKRGSKPTVILTTDGVQRAYWQTLVQQRRFTGSKKFEGGFEGLEFIAGAAGSIPMVVDNDAPKGTAYFLNEKKINLYRPHGFQFLDRDGSMWKQKTDANGVYDAYRAHLYEYSELGTRQRNAHGVIKNIAEDPAV,404,6.51,MCP,45428
Shocker,Singleton_20324_Shocker,MGSTLASIDATLKEVYEGEVRRQLPDEIVALKRVTRTSDGVSNETNGKYVTFPVHVRRNGGLGSRNEAEALPTPGQQGYAAARLALKSDYLGISLTGHAIDMSDSNQKAFAKSLDEEMDRARIDFKKDLNRQIYGNGSGAITTVRANGTGVNVIPVVDARLFWVGSHVIDIVTAPSTVAVTARTVTARDMTPGANTITVSGAAVNVTAGQLITITGSVNREITGLGAIVNNTGVLYNINPATEPEWTSEVDSNGGTPRALSEALMIRLVDRIRGRGGKTTVVLTDDGSFRAYWALLSQLRGFTNTTKFDGGYTGLSFHVGDQEIPVVSDYDAPLGTMHFLNEDELTFYRDEDIHWLDRDGSILKQKTDAAGRYDIWEAHMVERHELGTGRRNTHGKLTDIIAG,403,5.447,MCP,45431
TripleJ,Singleton_19671_TripleJ,MTMDLFDNKGWRKAPTHAERVFEAAKFFGTGRTGGPIAQAEVAEAFSTSDFPILLGAAFTKKAVAAQKAAVDEFDPVLTHTTAPDFERHKLIDLWSGDEFEKVGQGEEYKGGTLNETELTHGTGKYGKSYGLTFELRLRRTFSDLANFPALLGSGAVKAKNSAVAQLLVEAGAWDPAFFGTVDNVALTPENLDAALKVLALREDHRGDLVDTTNLVLMVGPALQSEANRILNADKITMEVTVGSKVTKTEIANPFRGVVTLLVSRRLGKELAANQGKAWALVQGKGSTLPSIIDTGLDGHDGNVDIRVKRDQGESVSGGQVPVEEGSFNDDTIWYRGRNFFGIDKGFTTGVYASNGG,357,5.263,MCP,45507
GMA4,Singleton_72370_GMA4,MSNAIQYPLAAPTLTGNDITVDLMLKEPTRITRYLSDLTLKGYFADRIFANGGGTSGGAVVYDQLTKNDLFVKGDRDVQQVAPGAEFPIVDFERQEPRVAQVEKFGGKFFVTDEARDRNDNNQIQVGTQRLANTIQRKIHARALGVLDAEMTALGAAAQTMTGHNWGAVVTSGAGQTSAQGWPAADLAAAQLIADKAELGVQFSLWVVNPNQKSAFQTVYGNQWKDVLANWNVDMVASNQVPAGTAWVVAERQVGEQRLEKPLSTETWREQETERTWVQSSVRPVYVVTNPFSVVKVTGLQG,302,5.25,MCP,45537
HannahD,DB_73654_HannahD,MPTYPPPNPTFTGDTISISRFLKDPASVARRLRTIGEQRLIGDILLPQRFTTESGSVQFETGETIYTERAPEPVTPGSEYPLTAVGNGEIQMASTVKWGRDAEITDEAISRRKINPVESALVKLANHQAKTIDSVALAAVASSVTQSTPASASWNTPTTNILRDVLMAVANIRALNEGFEPNLVVVDDVMLANIMAHPMVTPLLPRETTSSPVFTGNMAVIGGLRFVATPNLPTAGVALVVDNTQLGGMADENLGGPGYVSAGNFGQVKTMREDKNDMWRVRCRRTTVPIVLEPKAAWKITGVAA,305,5.68,minor tail,46095
Fabian,BF_38019_Fabian,MANAFTGTAAMSNLVQTTYDRALEFALRAQPMFRQVADKRPVQQAMPGSSVVFSLYQDLSPAVTPLNELVDPDAVAASNPTTVSVTLNEYGNSILVSNKLDLFSFTDVTAGLVNQVAWNLVDSVDTVVRAVLDGGTNYIRDNGASGPVYNGAQTTVGTTAADIFGSAWVRLAVAKLRTNKVHPNKGSFYTSYIHPEVSHDLRAETGNAAWRPPHEYSSANNIWSGEIGEYEGAVFIETPRTNVNVNGGAGGTVDVYNTYFTGQQALAEAVAEEFHTVRGPVVDKLTRFQPLGWYGVAGWSLYRQEALIRAESASSIAVNV,320,4.919,MCP,46505
Cozz,CT_57445_Cozz,MATKSVLQPPAAGSASIVGGAGGTQLLPKNISQEWWKKATEQSIIPTLSKSTPVIIGDGNVVPVLTKRPSASIIGELQNKVDSELEVGAKNFKTIKAEVGLEFSLETILTNPAGILDIIGEEMSGALARQVDAAVIHNRQSSNGAQLTSGTVSITAGAPTVELPLTAGVDIDPFLWEGYNTVTEAAGNNFSGFAFDPRLTYVLATARDSDGRRLNPDINMGQTVTSYSGQPAINSRTVGGDVDAGTDTGIRAIGGDWDALRFGYAHQIGLRKIEYGDPFGNGDLQRRNAVAYLMEVIFGWVVLDPNAFVVYKLAAEDEEPETP,323,4.56,MCP,46600
Alatin,CA_15229_Alatin,MALSTQVAQTSDFAGFLDPTRSKPIFEEVARRSVLQQLARKIDMGPTGVTVPYWDGEVTAAWTAEGGKKPLTKGGFDMFGVQPAKIATIFAMSSEVVRANPEGYIETMKEKVAEAFAVAFDNAGFHGTNTPFGAYIDQSTKAVSLTPADPATTYDAFNNSLEVLVEDGKRLSGFLLDEKAEPLINGATDKNNRPLFLDANYTETNDLMRRGRILSRPALFADRVGTAATQAAPETIGYAGDWSKVLWGQIGGISYDVSDQATLTLDGELVSLWEHNLVAVRCEAEFAIHVHDVESFAKLTKGVKLP,306,4.828,MCP,46673
Catfish,CU_56201_Catfish,MNLNEQRAAKYKAATEFAESKGADLSTEDAATLTAMLAEVKQLDERIEKADADRALLDSVKALGAGTPGVIEVPGTPEDAPAKSLGEHFVKSLGDNFRARRDAGVKTFTSGEWLGSVSVKANTDTQSTPTGTDFATDQLVDVDLNIQRAKRDRLVIADLLGKGTLKGTSVKYFLEGAFEGDFDMVAEGGLKPQVHVEAPEPITDEIKKIAAWIGFTDEILEDMPLWVSEINQRLLYKLAVKEELQLLKGSGTGQNIRGILNRVGVQTETSASVADNADAIFRAMTKISTATDYEADGVVIHPLDYQNFRLNKDGNGQYFGGGYFSGQYGVGGMSLSIPLWGLRTVVSPVATLGEPLVGNFRQAATMYRKGGVRVESTIADQDDFIHNRVKTRVEERVGLAVRQPEAFVKVDLATAV,416,4.909,MCP,46888
Muddy,AB_15199_Muddy,MAGFANIQGRADLSDVHLPDQVIKDVLQTAPEASVLLNRARKVRMSSKKTKQPVLASLPDAYWVDGDTGLKQTTKNIWSNVFMTAEELAVIVPIPDALIADSDLPLWDEVKPLLVEAIGKKVDDAGIFGNDKPASWPAALIPGAIAAGNSVTLGTGDDIGVDVATLGEQLALDGFSINGFISRPGLHWSLVGLRNAQGQPIYTPPLSTGLNGAPPTPALYGFPLNEVTSGVWDADEAILLGADWSKVVIGIRQDITFDLFSEGVISDSDGKVVLNLMQQDSKALRVVFRVGFQVANPMTRLNPNEATRYPAGVIIPAGGGSGEGEGESE,329,4.398,MCP,48228
Babsiella,I_14117_Babsiella,MNRDEQNQGADDERGTAGPTLTHSQSIKRLDEIHARMEELGELDSLTDDEQREFDQLADEFRSVDEHRKRLERAAKLAEVRTGASQVPGRRLRVEAGSSQGSRGDYDRDALLEPDSIEECRFRNPWDLSEVRTYGRDPEEYKTELRARAFSAIEKMQGTSDKVREAATKIIERFDDKHSTLARQCLLTSSPAYMRAWSKMARNPHGAILTEDEKRALNEVRSMGLTDSDGGYLVPFQLDPAVIVTSNGSLNDIRMFARQVIATGDKWNGVTSAAVQWSWDDEFEEVSDDAPTFGQPDIPIKKAQGFVPISIEALADEANVTQTVATLLAEGKDELEAVTLIVGSGVGKEPTGIVTALAGTAAEIAPATAETFAIADVYGVYEQLAARHRKRGSWLANNLIYNKIRQFDTQGGHGLWETIGNGEPSQLLGRPVGEAEAMDATWDGTATADNYVLLYGNFQNYVIADRIGMTVEFIPHLFGSSQRPTGQRGWYAYCRMGADVVNPNAFRLLNVETAS,515,4.735,MCP,48420
Floof,EH_57253_Floof,MVTKNTSTGHTLDYDAEQVAVVAAKLLKEDAYLSALVSHDYQDEFLAPGSAGRPIKIKFPTILLPRERDINDTTSSIQLDSIVEAGTTLNLDKKMVYSAVPLSEEDLNLNLKDVSAQVVRPQAAGIAEDIEDRLATKLLAVPNDAAFSVANTPYDPANPVAFYSRLRKELRDRGIPQDSLNLVIGTGLYLDLLNAKAIQDASASGSTAALREGSVGRVAGFTVIESTRVDEFELLAFHKASVTLVTRAPAVPAGASFGETVNEGGYSIRYMRDYDADKTVDRSILATFVGVGILPTFKKKVNKTDRTVTFEEVANGGIVHLKDVNALRAPAE,332,4.996,MCP,48500
Archis,CV_73654_Archis,MANTLVSVSDGPSLTVSDLVKNPLWVPTKLKELMENQFISEALLRNGGKNDAGVVAFREGDPTFLDDDVQDVAEFGEIPVSAGRLGLPRAAYATKKALGVRISKEMIDENKIDAVNKQITGLRNTFVRANDRGAKALFSSPAVPTMPVSEPWDDPLGKPRTDLAKAIEEISTATPDEATEDEYYGFEPDTIVLHPGLLATLMDNEQILKVYQGNVANESIAYTGAIPGLLMGLNVIKSRTFPVDKALILERGTVGFYSDTRPLQFTTLYAEGGGPNGGPRETWRSDASHKRAIGLDQPKAALWLTGLVA,309,4.792,MCP,49000
Jinkies,FL_72370_Jinkies,MTLTYPAGAPSTTGTRLTVDRLLKSPTVLAKRIINDSTPFLSELLFRQGTTDSGAVIYSESSIEDLYPSRGDVSEVSPGGAFPMIDVAETGDKVALASKFGAGFIVTDEARDRNNFDVIAKGNLKVRNALLRQDAARCLSLFDSKAPTVASVGAWTATKIWKTDLLKGVGQIQGLRLGYAPDTVIISPATATNLLLLDDLQNWAPRENANLNPLYNPSLAGLLGLNWIVNEFASDDKAILLQTKITGANITEKPYSVEVDRDPKVQETTVIASKRSVPIIDEPGSALVITGISS,294,4.99,MCP,49118
REQ2,Singleton_73654_REQ2,MATRTVVSGSDGAAMTVADFLANPLLIPTKLKKLLENQFIAEALFRNAGANTSGVFAYHEGDPSFLADDIDELAEFAEIAVSNASRGTPKVVFSTKRGKGVRVTLDMIRKNQIDDVNRQITALKNTFIRTNDRAAKSVLANVPSFPVSTAWDVTNSRPRRDIADAIFEISQAAPSVSDGGSDDEGYEFAADTIVMNPALMPILMDNDDLLKVYRGNIADKNIAYVGALPETIHNLNVIVSKAWPADRALILERGAIGFYGDARPLTFTELYPEGNGPNGGPRETWRSDATQERGMALDQPKAGLWLTGLVTP,312,4.86,MCP,49330
Auxilium,AY_56987_Auxilium,MAIVFDGPVTPDTLTAFVREVPTPANYVLNQLLPDRYFDKNTVDVSELTKTNRAAKFRAFDGRIHRTERDSLEVRSVKLPPVSTMNGIGELERLNLEAARQNGGSNAAVINQIYDDATNLTGEVLTRMELARGDVLNDGKFTLAGENGLYLEADFGVPGNHIVSAGTVWSTTASATVIADLTAWVDVYVATNGFRPGGLVISNKTLGYMLRNAEVRTLAGSLAGTPGIVSRQALDTVLDTFGLPPILFVYDTQVDVDGASTRVLPEDKVLFVPPNPSDLGYTAWGVSATALELVNAAKVDFSFSQAPGIVGVVIKDGPPFREETFVDAVGMPVLANPKRLLVADVF,346,4.604,MCP,49447
Bumble,FH_72370_Bumble,MLTYPASPPSTSGTKLTIDALLKAPKILAKRIVGETDPFLSNLLFRSDTTESGAVVYGIASTEDRYPARGDVQQVEPGAEFPMVDTAEGENAVAVASKFGAGYIVTDEARDRNQISVISKGNAKVRNALLRQDANRLFKAFEKDVPVTNSVGDWTTPKAMRTDILRGLATIEGYRLGYSANTVLIHPDRVTDLLLLDELQNLSPRENAALNPLFRRELAGYLGVNWITNQYMDPTKAIILETGITGVNVTEKPYGVAVVREGTRERDIVIASKRSVPIIDEPLSALVISGIAEAA,295,5.228,MCP,49500
Aaronocolus,BD_57253_Aaronocolus,MAHTVVKPEKIAATAAVALEQSLVVPALFQREGIDQFKGAENDTINVKVEGVLPFRTYDWRSGQVGTPNANGGVRKAIEFDEYAEKTVAVSFGGNIYSAVKLTDEQRDFDLNGWAKLMAKQTEAIGRGLERGAVDTLLGESYSVTLGGAVSGRDLRATLVRAREVLNRFMIPQEGRVLLVGTAWETALLTDDKLNLSGNVGEQEAVSALREASIGRRFGFDIVVSMEVPADAAFALHRSAFIFATGAPTLPQSVTGGTASHNGVALRWLQDYDAQYLTDRSVVNTYKGFRSVKDQLIGVDGVTGQAYVSENEHFVRAIKLDLDATADVLPDPDGPDAAQQELAAITGVAGAADGAGV,357,4.773,MCP,49562
Whack,Singleton_73654_Whack,MATTKSVVSIDDGKAITVDQVMGTPKAIPTRVIDLVRDNIIGEALFRNAGNPGSLLVQFQRSTPLFLDGNPEAVAEFGEIPVFDLGEGEPEVARGVKVGAGVRVSREMKDFNQIDKVRKQITGTSNTIIRANDEAFRSALENASVPEVAATAAWEDAISKIRTDIKEAAKLIASAVHDGDPTKPKGYVPDTLVLNSAVLYDFMDDEDFNKIYVGNIADQAITYTGKLPNKVLNLNVLHSPLWPLDRGLVCQRGITGFYADPRPLEGTGLYPEGNGPNGGPTETWRSDITQIRMIGVDEPESACWITGIQ,309,4.663,MCP,49660
Beans,AO_72370_Beans,MTLTYPAPAPVVDPNKPQLTVNALLKAPKVIAKRIITPSQNFLSDELFRPDTNDSGVVIYNSAKKSDIYPKRGDVQEIEPGGEFPMVDVDEEGAEMALSKKHGAGYIVTDEAARRNQLSVITKGNLKVRNALLRQDAYRCLAAFRGAVPTVNATGDWTEPRNWRVDLLRNQAGVRNLGLGYNPNAVIISPTTATDLLLLAELDNLLPRENKALNPVYNPTLSGLLNFNWIVNEFASDDEAIILETKMTGLNSVEKPYEVEVVREGNRKRELVLADKWSVPVIDEPESALIITGIRGE,297,5.054,MCP,49797
GAL1,Singleton_56987_GAL1,MAIVFDGPISPDTLTTFVRTVPVPASNALSQLFPVRTFDSNRIDWAELTKTNRTAQYRSFDGTIHVSKRDAGSGKYVELAPFSDSLNKGEYERIAQEVARLGGTNKAVQAQAAYNDAERLVGTMHNRVELAWGDTLTDGKLTINEGGLNSEADYGVPANQITAPAGALWSNTTTAVPLTDLETQQQVRIANGNGKATRGLVSRSTLSLLRKNKEVIDAVYGSTQGRTSVTLAELNNLLSSEDLPTFEAYDSTLNVEGTVTRVIAADKAILLPENIGELGFMAYGMSATALELVTSGQSELSFRDGPGIVGVVEKVGPPYREFTFVDAVGMPILSNAGLLSVLDVA,345,4.725,MCP,49979
Bxb1,A_15229_Bxb1,MGFSADHSQIAQTKDTMFTGYLDPVQAKDYFAEAEKTSIVQRVAQKIPMGATGIVIPHWTGDVSAQWIGEGDMKPITKGNMTKRDVHPAKIATIFVASAETVRANPANYLGTMRTKVATAIAMAFDNAALHGTNAPSAFQGYLDQSNKTQSISPNAYQGLGVSGLTKLVTDGKKWTHTLLDDTVEPVLNGSVDANGRPLFVESTYESLTTPFREGRILGRPTILSDHVAEGDVVGYAGDFSQIIWGQVGGLSFDVTDQATLNLGSQESPNFVSLWQHNLVAVRVEAEYGLLINDVNAFVKLTFDPVLTTYALDLDGASAGNFTLSLDGKTSANIAYNASTATVKSAIVAIDDGVSADDVTVTGSAGDYTITVPGTLTADFSGLTDGEGASISVVSVG,397,4.506,MCP,50550
LuckyBarnes,Singleton_19671_LuckyBarnes,MESIDLQQQGFRRANTRDEKVYEAASLFVNGRNSSNPLAQAVLLEAFSTSDFPVLLGDAFEKQALQAYKDATFEFDPILQEATVDDFERRKLVDLWGAEAFERVKEGEEYKSAGLVETEVEHGAAKYGKNYGLTWELRLRRRFSDLANFPRALANGSIKAQNNAVVDALVTDQAWNDDFFGTVDTAPLTPENLDKAIQKLALTENHRGELVSTSDLVLVHGPGLRGVVNRILTADKLITKVTDGNRTTESEVANPFRSVVKPLESVTIGRALGTGSANGWALLQGKSSDLPSLIRTRLNGHPDVDIRVKRDQGDSVGGGQISPEEGSFNDDTIWYRGRSVIGIDPAFTVGAYASKGA,357,4.952,MCP,50774
32HC,Z_72370_32HC,MPTSPVAYPLGAPQITDTKISVDMAFSNPGRITKRLSDLTLQKFIAPELFGSPGTTTTSGAIIYDTITINELYTKNDVEQRGPSDEYPIVQGERGAPQVAQSEDWGGKFWMSDEAIRRNDRIQMDRLTTQLANTIVRKVNQRTVAVLDAVIASLGGAGVVPGHDWGSAELTGTSPTPMAERPFADIIAAQLAADVEELDYNYNVWIMNPQEYANLRIVYGPDLNTILEEAGISTFRSNRVTPGTAYAAVRGGVGFLGYEQMLQTETWREPATKKNWAQSSVLPIMGVTDPYAVKKVTGLAG,301,4.768,MCP,50781
Ayotoya,DI_73654_Ayotoya,MTTSIVSISDGSRLTVSDLIKNPLMVPTKMKELIENQFISEALFRNGGANPSSVVGFREGDPTFLDQDIQDVAEFGEIPVSSGQLGIPRVAYAIKRALGIQVSKEMVDENDIDAVNKQMTGLKNTFIRANDRQAKTLLQAGGVPSMPVSAAWDTAGGKPRTDIARGIEAISLAKPADATEDEWYGFEPNTIVVNSGLLPVLMDNEQILKVYNGNVANESIAYTGALPGDLLGLTVIKSRTFPADRVLLLERGTIGFYSDTRPLQFTELYPEGNGPNGGPRETWRSDASHKRAMGLDQPKAGLWLTGLVTP,310,4.817,MCP,50854
Angelique,CY_56987_Angelique,MATLWTDVIDPATLTGYVRQSMADYEASKGSLSVFLPNRTVPDIVARFTAGQSGLLDAAEYRSYDAETSIGGPPEAKRVTLELPPLGRKIRVSEYDQLRMRGTDQDELVLNSILNTAAVVGRAISDRAEVARGAVINAGKAAINENGFIAEADFGRDASLTVTAATLWSVSASASPLTNLRLWADAMSDLNGDRPGAALMSSRVYNAMTTCAEFRALAATTAGTPNIVTREYVQQVLTSFNLPQVVVFDRKVRVAGTVQRVIPDNKVFLLPAPVDPNSADGTDLGGTWWGQTLESMEPDYGVAAGEQPGVVVGAFKTKDPIGVWVHGAAIGLPVLANANLSLAATVL,347,4.765,MCP,50970
SPB78,BA_56987_SPB78,MSWTLDTEFIEPTELTGLIRAALADLQVNRFTLSRWLPNVEVDDIAYEFTKGGGGLAETASYRSWDAESKIGRREGLAKVMGELPPISEKILLNEYDRLRLRKLTRDDALPFIARDAQRLARNIGARFEVGRGQALVNAQAPIPELQQTVDFGRSPEHSVVAAVLWSDHENATPIDDLEMWVQTYIDTNGVAPAVILMSRQVLNNMRQCDQVQRQVYPLAPAGSTPIVNADQVSTVLTAAELPPIEIYDAKVKVEGVSTRITPANAVALLPEPGATTAAQPTELGATLLGTTAEALEAEYELVGDEQPGIVSAAYKSKDPIRLWTHAAAIGLPILAEPNLTFKAQVLA,348,4.666,MCP,51282
REQ1,Singleton_14117_REQ1,MDLCSRSVEFRANTAAGDGDGRTLEGYAAVFDQDTEINSWEGRFTERIAKGAFKKTLRERKPIMQYDHGRDSRVGSVPIGVYEDIREDEHGLFVSGRVFDNPVVEPIRQAIEGGAVTGMSFKFRVTRDEWTDKNGKRVRGDEISKLLWEPGDRGPLARTIREVSLFEAGPVSTPAYAGTSVGVRMTEQDREALAAEYRRTMAETEAEQDVVRWLEAEAHHENDVRTWLDAETEYRKAVSLWLAAESEYKTSIETDAARTGTSAPIETPEADAARSRGTSNREDTNTPILKRSIPMTLEELRARLAEIDVRLSDIGAEYRDAELPEAEQAEWDGLDAERAKVASSIERIEARIKRMGELADTGSTERGTDTGTPAFHARRDIHDIDAIRREARSEEDFVERLQDNARRATEKMHFSPQVSRDAAQERIERLLVNVDSKGDLAKRILVTGTATYERAFGKAALSQSLQGLTAEEARALALGADVASGSNGGFAVPVQLDPTVIHTSAIDINPLRGLARVVQITGKEWQGVTSANGIVVSRGTEASATDGSSPTLAQPKVRAERVSAFVPFSFEIEQDWSAMRQEITLMLGEAKDAEEAGSFLTGDGLGVNPQGLLTGVGAGQDVAGSISPALTSGDIYALEEALPNRYRANARFLGAKATYNRIRQIDTAGGADLWERLGAGLPSQLIGYPLHEASKMDGYPKTAAAKRVLVLGDFRNFLIVDRIGMSIELVPHVFATSGGAIVPTGQRGLFAVWRNNSKVLVPDAFRVLKTKAS,773,5.115,MCP,51342
DumpsterDude,DW_73654_DumpsterDude,MVNSIVAVSDGSRFTVSDLIKQPLFIPTKMKELIENQFISEALFRNGGANPSSVVAFREGDPTFLDQDVQDVAEFGEIPVSSGQLGLPRVAYAVKKALGIRVSKEMVDENNIDAVNKQMYGLRNTFIRANDRQAKALLQSAAVPTMPVSAAWDDPDGKPRTDIARGVEKVTTAKPAEATEDEWYGFQPDTIVLHPGLLATLMDNEQILRVYNGNVAGESIAYTGAIPAELMGLSVIQSRTFPADRALILERGTIGFYSDTRPLQFTALYPEGNGPNGGPRETWRSDASHKRAMGLDQPKAGLWLTGLVTP,310,4.973,MCP,52018
Apricot,DN_56987_Apricot,MATLYTETITPQELTGFARAAQEDVEASQGTLARWLPNTAVNDVVVRTVVGKSGQGSLAQYRSFDAETPIGAGGTAERKIFELLPLGLKERIGEYDQIRARGGDGAAIALGGIEAATIRTVRAISDRLEVGRGQALETGALSISENGLVQTPSFGRPGGNTVTAAVLWDASSGTKILEDLLSWVVAYEDANDGVSPGALVLSRKILNVMLRDAGIRALVATAAGTPQIVSVDVLNSALSAHGLPPIYVYDRKVKGTRVTSDKKVFLLPDAVDPNTGSNILGATFYGPTLEALEPEYGIGASEQPGIAVGAYKTKDPIGLWVHSNAIALPVLVNPVASMVATVLS,344,4.973,minor tail,52195
Abrogate,A_57445_Abrogate,MATLNELLPNSAGSNHQGRLAHVPSDLLPKEIVGPIFDKAQESSLVLRMGEQIPISYGETIIPTTVKRPEVGQVGVGTSNEQREGGVKPLSGTAWDTRSVSPIKLATIVTVSEEFARMNPSGLYTKLQGDLAYAIGRGIDLAVFHGKSPLTGSALQGIDTDNVIANTTNVDYLQETGDPLLDRLLDGYDLVSENTDVEFNGWAVDPRFRAHLLRAQAYRDANGNVDPSRINLAAQTGDVLGLPAQFGRAVGGDLGAATDTKTRIIGGDYSQLKFGFADEIRVKMSDTATLTENGGSNRTISMWQTNQIAILIEVTFGWLLGDKQAFVKFVDDEQP,335,4.676,MCP,52530
BoyNamedSue,CZ_14117_BoyNamedSue,MSTIDNLPVHPLTGLRALGMTSRGPIWPQLGGDGNGDGNTGDDTRSGPTLTHSQSVNRLQEINSELERLAELDSLTPEDEAYFEELRDEFFGVDEHRKRLERAAELARVRSAAGQIGQPASQRLRIERGTPGTSQGSRDDYDRDAILEPDSIEDHRFRNPWDLSNVRTFGREAGAVAGEMRARALDAISKMQGASDNVRQAATTIVERFDDKHSTLARQCLLTSSPEYLRAWSKLARNQREALTAEESRAMAEVRAMSLTDANGGYLVPFQLDPTVILTSDGSRNDIRRFARQVVATGDKWHGVSAGAVSWSWDGEGEEVSDDSPTFTQPDIEVHKAQGFVPISIEALEDEQNVTAEVAKLLAAGKDDLEAPAFITGTGVDQPKGIVTALAAVPGSIVAAATPETFALADVYALRSALPARYRSNAAWLANDLIYSKIRQFDTAGGAGLWAYLGGDRPDQLIGKPVGEAEDMDDTINPAVTAANYVLVFGDLSNYVIADRIGMTVEFIPHLFGNNNRPTGQRGWYAYTRMGADVVNPKGIRVLNVATTV,549,4.736,MCP,52698
Camille,EL_14189_Camille,MGDQQAREPDFAGWATKHDLKCSDGRTIKAGSFKHMDGVTVPLVWMHQHKEPENVLGHAILQDRAFGVYTYGFFNDSERGQHMKRAVQHGDIVSMSIYANNLTEKITRTGRDVYHGDIKEVSLVLAGANPGAYIEQVSMRHGDNIDEIDEAIIYTGLDLMHGDDIDWEVDMGDNKPDTQDNLEHADAPSDATIKDVFESMTDVQKQVTYFMIGDAVERAKAEAKDAEGTAQHGELQDREEFLAHINDTIKEGFAHMSDTRNLFETQGDVRTGGKLSHDGFAELMKDAKKVGTFKEAVIAHADEYGITDIELLFPDAKAIGAPEVYSRRMGWVPKILGGTKHTPFSKVKSVVFDITEEDARARGYIKGNQKKDEVVKLMKRTTGPTTVYKKQKLDRDDLIDIDITDINVVAWLKAEIRTMLEEEIARAILFGDGRSAGHEDKIKDPEGANSGDGIRSIVHDADFYAIKADLPANVSPKDAVKGIIRQRSKWRGTGKPTLFISDAFLTDIMLEEDKFGRPLYETEQSLADKLRVAEIVTVDIIDDLENLFAILVNPIDYSIGTNKGGELTSFEDFDIDFNQHKYLMETRLSGALTKPFSAIVIRRVQGTLATATNPSFDGETNTITIPTATGVIYLIDGEPVTGDVEITDVTEVVAVADEGYYLAPNTTREWTYTP,674,4.733,MCP,53097
Antares,EC_72112_Antares,MSTISRRRFRPTLITLATAYADQAEESLELPEDLSTLSDDDLAALATRADEAFDTIYGDGSASLSDDEHATLAGLTDAIEALAAEQTRREEAGAQRRADADALAARKNAALSSNTDADGADEDEDADDEDGTDDEDGTDEDGDDNADSEDDNAAETVTASAGRRAISVNLSAANRRARRAQPKRKTTATAASMRDYAFAATGELGVAMDSGITHAEAGQMLNKRLATFSQSTYASAAKRGQHMREQHPLMVLRRQIPQEFMVASANSVEDAQRAIKAAVDFSRLPGQALTAAGWCAPSEPMYDICTTASRDGLLSLPEVGISRGGILVPTTPDFAEFYAEIGFHFTEADAIAGRYAPGENPGDPNVVGSKPCYEMPCPTWEDYRLEGDGICLTADLIQQRGFPEALEWATENALIAHDHKVSAGRIRKIVAGSTPRVMTTGTVGTTAPLLAAIEVRAEAIRYNGRLARNTVLEAILPYWVRGAIRQDLSVRLGVDLLSVTDQQIDGWFRQRGIVPQYVYDWQMLPVGAVTWPSTVQIVMYEAGAWIGGVDEIVTLNSVYDSTMLGQNKYTALFTEEAWLVAPRCGVSELLTVPINSNGGTAAGELLEADLQPLVPAGA,618,4.355,MCP,53362
Ohgeesy,CZ_73654_Ohgeesy,MASNNTVISIDDGKNVTVDQVMGNPRAIPQRVIDLVRDNILGETLFRNAGNPGSLLVQFERSTPLFLDGEPEAVAEFGEIPVFDLGEGLPEVARGVKVGTAVRVSREMRDFNQIDKLRKQIKGTANTVIRANDAGFRSAIEDASVPDIAATSAWDGATPKIRTDVKEACKRIAGALYDNDPTKPRGYVPNTLVLNSSLLYDFMDDEEFNKIYVGNVADQNIRYTGKLPNKVLNLDVLHSPLWPIDRALVAERGTTGFYADPRALESTGMYPEGGGPNGGPTESWRSDTTQIRMIGVDEPESACWITGIQ,309,4.676,MCP,53473
Jace,Singleton_4631_Jace,MAIDNFVPELWEAAVQEPFDKALVYGQSTVVNTKYEGTIREKGDTVHVTSVGAPTIKTYDKAVDIEIEDLDDETTAMVIDQGDYFAFRVNDVDRVQAAGNFESPATRQAGIGMRDKVDRYIAGLIQPGVKTANKLGRTVIVDGEPREATVGQSYAYHVLVKLREILDGESVPTDGRFVVVNPTFISCLLLDRRYTDLSAAGTDAGLRQGQVGRATGFDVLVSNNVPKVGGSGADKNDLVIAAGVPDAISFANQINSVEALRSGTRFADDIRGLNIYGAKVFRPEALATATVSFAPPAEPAGVGG,304,4.614,MCP,53912
Amochick,Q_73654_Amochick,MTAPTGIVSVSDGPAITVRELVGNPLWIPTALKKMMVNQFISESLFRNGGANPNGVVAYNEGNPSFLEDDVADVAEFGEIPVSAGARGLPRTAFAVKKALGVRVSKEMIDENRVGAVNDQMLQLRNTFIRANDRSAKALLQSPIVPTLAVPTAWDNGGKVRTDIAIAIEQISTAAPTAYPAGVGSSDEYFGFIPDTIVMHYALLPILMDNENFMKVYERNANYVSTAPDWTGNFPGSVMGLNVIRSRTFPIDRVLIMERGTVGFYSDTRPLQFTALYPEGNGPNGGPTESYRADASHKRALAVDQPKAALWLTGIVTP,318,5.25,MCP,54145
MalagasyRose,Singleton_72370_MalagasyRose,MTFPYPLAAPTVNGNEITVDRMLDEPTRINRYLADESLLGYFAHRIFPTVGSVSGGAVLYTQLLANDIFPDPDRPDVQNIEPGGEYPVVAFTRPEPRTKQVEKFGGKFEVTDEAKRRNDSTQLRQGTQKLAATINRQIHTRALAELNAEFTALGANAQTVTSVGWGSVVTSGTSQASAQEWPAADFAKVQLVADQAELGVHFNVWIVNPVDATNFRLIYGKNWREVLQENNTEFVVTNRQPPGSAWVIEDGRVGETRLEEPLNTISYREEGNDKTWVKSSVLPVNYVTNPYSVLKITGLGA,301,4.993,tail fiber,54301
Egad,AW_14189_Egad,MKPDFTGWATVHGLKCADGRTIMDGAFQHQDQVKVPLVWAHQHNDPENVLGHAILEYRDKGVYARAFFNDSPRGEASRIAVEHGDYDSLSIYANKLREDSNKNVLHGDIKEVSLVLAGANPGAKIDNVYLRHGDSVETLEGEAIMYTGERILMHSEENATDNDEDGDDDVTELDVQEVLESLNDTQSEVIHGVLEAALTHTEGDLDDTLVQTVFESLTEDQQLVVHDMLSEALEHAANSTDEGDNMSTLQHEGKTVADVFATFNEEQKNVFYFLLSEAVDKANSGSAAHSDDNSDFIAHAIQEGFANMPRNLFETHGSGRSAAAPEATLSHDQLAEILADAKKPGATLKESFLSHAVEYGIENIDYLFPDAKTLSNSPEIISRRMEWVAGILNGVRKSPFSRIKSMAVDITADEARAKGYVKGNLKKDEIVKLLKRVTTPTTIYKKQKLDRDDIIDIVDLNVVAWIKAEMRVMLDEEIARAILIGDGREVDDDDKIDEDKIRPIAFDDDMYSHKITLPSNVSGDAMVEGILRSRKHYKGTGNPTMYTTDDVLTDLILLKDGMGRRLYATETELAAALRVRDIVVVEAMETVPDILAILVNISDYTVGADKGGEISMFEDFDIDYNQEKFLIETRMSGCLVKPKSAVVVRRTNGTTVTPAVPSFDEETNTITIPTVTGVTYYIDDAPVTGDQVITQTEDVEARPNAGYNFPHNTDADWTFAYTA,723,4.444,MCP,54517
FuzzBuster,Singleton_72112_FuzzBuster,MTFPVTRGGVLFSRHLVDGAPGLASEISQSPEEGTPEMGTKRFTRRHRKATIVTMAALFEDQTPEELVIPEDLSTLSDEELSGLLAQAREAFDTAFGDGTGLTDDEYQALAGLTTGIEALQAETDTRAEAASERDANAAALAARVRGEETPAAEAEEETPAAETPAADAEAETPAAEQEEALVAAGARGETRISLSSVRSRAARQPAREEARDENAEPTIADFMVASGEGLGFAVNSGLSFTDAGEALNTRLKTHNAKSYESANRAGRHIREQHPLLQINRPIADDLQVRSNDPEHVREIFERAGDESRLEAGSLVAAGGWCAPSTVLYDLIEGGESRDGLLDLPEVGAPRGGISFTTGPDFATLFAAIQSGDIGFSFTEEQDVEGEYAPGANPGDPNVVGPKPCYKVECPPFEEYRLDVDGICITAGMLASRGYPEVLADTIRKVLIGHDHYMNSKQIAQMVAGSTAVTLPATQAGTAAPVLTAIELQVESYRYARRLSRTTTLEAVFPYWIRGAIRSDLSRRLGVENFLEVTDEQIDRWFRLRGIRPQFVYNWQPISGTAGTVTQWPTTVSFLLYSAGTWIRGVNDIITVETLYDSVLLGNNDFTALFTEEGWFVAKRGQDSRVITTSITADGVVAMAQDIAHNGTLVPAA,653,4.49,MCP,54844
Araceli,BH_73654_Araceli,MAMRRITSVDDGPRLTVSQLVKSPTLVPKRIIQMTGQGFMVDQLLRQGPPIPGGSLIFSESEPLYADEGPMNVEEFGEIPLTTTSTGEMRVAKSVKKALGFRISQESIDRNNFDKVQQDMVKLKNSFAKTYEDVFLTALLAALPTFTSSNTWVNTAASAAGAGIYADLAKVTYNIGNQDADTSNGTGEQKFHFQPDTIVINDRVATLMLLNADIAKVLGVGDVAGRQPLVTGDATELFMKAFGLRLVKSWRLSPDKAIVLQSKVVGGVSDERPLGATPLYEHRPTETWRTDVTRMSAVFIDQPKAGCVITNINGGSASIANF,322,6.029,MCP,55045
MooMoo,Singleton_9072_MooMoo,MSNAHANDAMIRRLETELREKETFGNGVIERANAAERDLTEEESRLLTETRGRMEQIKAQLEQLEDINRIAYETRNRAAQVDQAIQGFRGKPAVGDVEYRSAGEYAMDMYRSSLGHREASERLELFQRAAAHQKTSDNPGVIPDPVVGEVINFIDSARPLVSTLGPRDLPSSTWYRPRVTQHTSVGRQGTNGAAADEKTELVSQKMTITRLQANAVTYGGYVNLSRQNIDFSQPSILDIVINDLAAQYAIETEAATAAALADVATTPVEYDPADKDSVAAAVWEAVAKVYAATRGQGRLVLAVSPDVLGVFGPLFAPVNPQNAQSSGFSAGSFGQGVMGNISGVSTVMSTGLGAGEAALLSTAAIEVYEQRVGTLQVTEPSVLGLQVAYAGYFTPLTITEAGIVPLAASGS,411,4.776,MCP,55178
Cinna,EI_72112_Cinna,MAPKTRRRFRPSIVSLATAYAEQADETLEIPADLSTLSNDDLTSLSTRAGEAFDALYGDGTADLSTDELATLGALTTGIEALAAEQERRDTEAEERRTEAAALAARRGQALGIDANDLVDEDGGDDADESDSEDGDAEDGDDDADENEDGGDDTDENGNAVTAAGRQTISLANIRRRAPKQARTPKPKAKTASITDVAFAATGDLGVADGKGITFGDAGKMLEQRLKSFSATQYQNAQGRGQHLREKMPLMRFARQFPNELKASASADSVEEAMSRATDQSRLPGGALTAAGWCAPSENFYDLCYNESRDGLLSLPEVQVTRGGMNVPVNPTFAELYSQIGFHFTEEDAEAGRWAPGANPGDPNVVGDKPCYEIECPEWQDYRLEGDGLCITADLLGVRGYPEMLARVTNGALVAHDHKISAGRIARIIAGSTAINMTTDTVGATAPLLAAIEVQVEHYRYAQRLSRSTLLEGVFPYWVHGAIRQDLSARLGMALFDVTDAMIDGWFRLRGLVPQYVYDWQALDATAAAATLTWPTTVDFLLYQAGTWVAGVDDIITLDTLYDSVLLGQNKFTALFTEEAWLVAKRCVDSRRIRVPLCADGTTHAGVLLDCDLAPTPEPVA,621,4.328,MCP,55366
ClubPenguin,BI_14189_ClubPenguin,MATEIEADFGGWATKAGLKCTDGRTIMRGAFEHMDQQQVPLVWQHGHSSADNVLGHAILENRDEGVYAYGFFNTTKQGQNAKTLVQHKDIKSLSIYANQLVEKAKNVVHGQIREVSLVLAGANPGAVIDFVAIQHGDGELQELDDEAVIHTGLELEHALDEDGDETDDETDEEDDEEDDETEDDGEEEGAEHSAISHAVAKDATVQDVYDSMSPEQQDVLHYFIGVALEQAANSGAQHSALTHSEGGDDNMSRNVFDQSDAAKKGGSLKHTLTKDDVRGIVKHAEKLGSLKDAVEDYALQHGITDIDILFPDAKAATGVIELEKRRTEWVSSVLNGTRHTPFSRIKTFTADLTQDEARAKGYIKGNYKIEEWFGVTKRTTGPTTIYKKQKLDRDDMLDITDFDIVAFLKGEMRLMTEEEIARAILIGDGRDVTDEDKVKDPLGAADGTGVRSIYNDHELFVTTVNVNVDDANSSYEEVVDAVMDGMEFYKGTGTPTFYTTVPQLNKFLKARDGNGRRYYANKQEVADALGVKDIQLVEPMKEITDLVGIIVNLDDYNVGTDRGGELTMFDDFDIDYNQQKYLLETRMSGALVRPKSALIVKKTAAANVLVAPATPGFDSTTGVVTIPTVTGVDYKDSNGTTLTAGAQTALAAGASTTVYAAPQSGYYFETDAESTWVFKRKA,682,4.46,MCP,56205
TPA4,Singleton_56987_TPA4,MATLYTDLVSPAELTGFARAAQEDIERTKGTLARWLPNTSVPDVVVRTVVGTDGNGELAKFRAFDAETPIGSGGKAERKVFELLPLGLKERVSEYDQIRARGGDAAGLMLGGVDKATIRVTNAVVDRLEKARGQVLDTGSLTINENGVVQTVDFGRPAGNTVTAANLWNTGTAKPLDDLITWTDVYKAGNQGAMPGTILTSRRVLMVLMRDPGFKQLVAAPGTNPALVSADGVNAALATFGLPSITVYDRKIKGTNVLPDNKVFLLPEAVDPNGSNELGATFYGETLEASESDYGIAAADQPGLVVGAWKTRDPIGVWVHSNAIATPILVNPVASMVATVL,341,4.963,MCP,56212
Aesir,EF_8871_Aesir,MDIKHTGAAFGLYGQDGGYNDTRDVLVTSTTDGVDLNDLWDEYQATVAIANAQRQALIDFLSFPVTNNIETVTQLSGAKFERASEYGEPRGARQRPAAFSLGYDFGWYDLANRYTWQFLADADVAQVNANHSAALQGHNELVFELVLSALYGGNTNRETDIDGQIIAVKGLYNADGTVPPTYKTNTFDGTHNHYMVSGAAVIDSGDLDDLFEQLRHHGYDKSNGVQQIVAVNSREGKVIRQFRVANGDTYDFIPAAGEPMDQILDPGQQLGGGGRISSTYAGLRAIGTYGEMIIVEDDLFPVGYVLNVGSGGAANLNNPVGIREHKNASLRGLRLVKGRDADYPLIDSFYNVGLGTGIRQRGGAAVMQIKASGSYAPPAQYLP,383,4.698,MCP,56285
Ibantik,Singleton_14834_Ibantik,MATENAPVNGWYSQDGGTYNSTVADTFIPEIWTDQLLDDIEDELLLSSSTITNRDYDGVFRREGDVVRIPHFVDTVVDKGMVEAYGEIGTADRAALEYIKMTVNKGSSFHIELDSLHQLQTKAGLDLMSNLVRQRARAAAVSIDKTLALTILAAVSGKDLNGTRDPNATVSGLPALHGKIDEVLDTDFPTDRVIGVYDFIVAMIRNLNIKNAPLSRYLFISPNLYSELLLDPKFIDASHFGANVMQSGVVGQILGLPVRVSNQLGSHTRPATGGAGGNKGKLMRASHDAFKTVDILLGSTQAASLVIPHAEMKAYSPEKSFTAAVKSRVIYDAKVIRPEQIVVARGVEALIGTHNATATATP,362,5.387,MCP,56362
Ogopogo,F_57445_Ogopogo,MAVLKTSSFQLPRHLVPGVWQKAQGQSVLARLSNAEPQEFGEQQYMTLTAPPRGEVVGESAEKSESTATFAPVTSLVRKVQVTQRFSQEVKWADESRQLGVLQTMADLSGVALGRALDLIGIHGINPLTGAALAGTPPKIIDTTNVVELTTETLGLPDQAIEAAVGLVLDDSISPNGLALDNSFAFKLATQRHPTTGQKLYPELGFGTDISGFMSLGAAVSDTVRGGPEAVTPSTGAYRTTNPNIKAVVGDFSAFRWGVQANIPLTLIEYGDPDGSGDLQRKNELAIRAEVVYGVGILSTDAFAVVRDADES,312,4.701,MCP,56867
Abt2graduatex2,BG_72112_Abt2graduatex2,MADMYELPDDVTALTDDDLDANLAAAVRSFSTVSRTTVVTPQTLPNLRTLKASIQTLKDEQASRTAAAEAAAAEIDALTADVFGDSTEDVAASAEAETAEATEAEAEATTEAAPAAEAIEPTEVVTASGVRRSSLNLAAVRARQAGSNAGVARYLAPETPEGVEITASVDVPGFRPGEVVSLSDITDGVMRRATGLKTSGGGTGLVASYRLPFPDDLVVKDSSSAPEGSTALMRAADQRRLDGGDLVASGGWCAPSETVYDITDIACPDMLWDLPEIQINRGGLRFFRTPALDVAALTFVHTEQDDIAGNTKPCFEIPCPAPIDVRAEAVGVCLSSGILTQRFFPELIDWYVRNAMVAHEIRIKSEAYDNARAAIIAATPTRAVTVRASFAAFSAVYEAVALQAADMIERYNLCDSTQLEVVFPWWTRNLFLSDLARQEGVALEDLDVSRLNAAFARLGVQPQWARGLAPAVPTDIGGTTLATTWPDSVEFMIYPAGNYQLGRGPEVNLGVIIDSVTVATNDEKIFSEEAVMLVDRLGLARLVTVAVCPNGEVGARNTVDLCPAETP,567,4.228,MCP,57385
Squiddly,DN_57445_Squiddly,MVALATGTFQLPKHMVPGVWQKAQGQSVLARLSAAEPQEFGEQQYMTLTAPPRGQVVGEGAQKGESTATFAPVTAIPRKVQVTQRFNQEVKWADESRQLGVLQTMADLSGVALGRALDLIAIHGINPLTGAALAGSPAKIIDSTNVVELTTQSLATPDLAIEAGVGLVLEDSLAPDGIALDNSYSFKLATQRDSQGRKLYPELGFGSDAASFAGLNAAVSDTVRGGPEAVTASTGEYRTTNPNVKAIIGDFSAFRWGVQVSVPLELIEYGDPDGQGDLKGLNQIAIRAEVVYGIGIMSTDAFAVVKDATANS,312,4.658,MCP,57508
Clawz,Singleton_72112_Clawz,MNKHQPTRPAVSPFFGAVSAATRFEDQTPFAVPDDLSEYSLDQLRELRTQGEAEFRAKFDEYTGDGKVATQAQLDELEAIGQGLDTVTAAIETAEADEQKRADAAEELRSKYAADDSTDETDEDESDDDEDEDDDQDDDTTDADADSDQDDADAEERTSVAASAGRRRTSFAGASRKKGNASKVPSSKKHSGFLMSRSVPKHVDGYVDAFALAKASDELQTNSVVRGLRSDPSGAAQHMMTLGHLARQFPKELFATDEVSLTAAIERATDEKLLPGKSLTAAAGWCSPSQIIYDFLDIPDAQDLYDLPEVSVERGGIRFPVQPDFGIAFQDQGFMFTEAELLAQTEDKPCFEVPCTGFDELRLGAVGLCITAGILQQKGYPEAVKLYIDGLLVAHQHRISSWSIQKVRSGSTPIAIPADSVMGAYGALLNSVELAVVDIQTRNRLPSTTTIEFVMPVYAKAILRADLAYRRGVNLEQVTDQALEQHFTMRKARVQYVSDYQTGGTGQPGTAPGEDGSTAFVRWPNEIEFLAYPAGTWFRSLQDVIEVGNLYDQAQLKKNKFTALFTEDAIGVAKRGIDSRRYTVPLAVNGAVGAAVDLTPAADGG,605,4.392,MCP,57664
Breylor17,AU_14189_Breylor17,MAEPDFSGWATKNGLKCSDGRTIMDGAFKHQDKMKVPLVWQHRHDDPTLILGHAILSHREEGVYAHAYFNNSAKALEAKEAVRHGDVESLSIYANKLQETNKMVRHGDIKEVSLVLAGANPGALIENVYIRHGDDVQAIEGEAIMYFDQGISIVHSDESGDDDEISHEEVQDFLEELEEDQKEVVHSLLHSALTGTESDLDPERVQEIFHSFDRDQEEIFQSLIGDALEHASLNHTEGGNMPDLAHANGKTVKEVLDSFSEEQENVLYFLIGKAVEDAKADGGSAKHAEIDPDVLAHAIQEGLATMPRIFETTDKSEGKTLSHDQLSEIFAAAQKGNGAESFKEVFLEHAGTYGIDDIEFLFPDAKAISNTPEFLSRRMEWVSEVLTGTKHSPIARIKTLHADITADEARARGYVKGNLKKEEVFKLLKRKTEPTTIYKKQKLDRDDILDITDLDVVAWLKAEMRLMLDEEVARCILVGDGREVESEDKVDEERLRPIATDDDMYAHKVTLVTNSSVQQKMDLIVRSMDAYKGSGAPVMFTTRAFVSDMLLERDRQGRKLYNTRAEVAATLQVSKIIDVEVLEQHPEIVGIIVNLADYTIGADKGAALGMFEDFDIDYNQYKYLMETRISGALTKAKSAIVIKREVGIVVTPISPSFNSETNTVTYPSTAGVVYRVDGVPVSGDDVITTTTEIDATPATGYSFPSNVNKSWTFVPSAE,718,4.687,Other,57822
NapoleonB,AM_14189_NapoleonB,MGPKPDFSGWATRSDIVCSDGRTIKDNAFKHQDKIRVPLVWQHQHNTPENVLGHAILENRQGGVYCYGYFNATDAATHISKSLVNGDLDSLSIYANGLRQSSKKEVLHGNITEVSLVLKGANEGAKIENVYIKHSDDHYEPIEDEGIIYSMLPLEHSDTQGDEQMPDLEHAEDQKKTVKEVLDTLTEEQKEAVYYMVGEALDENAEDDEDAEHGDKEGSSFSEEDLKEIIKHAYTEGAEEMARNVFDQTKGNGPADETVLAHADALEIATKSMSNLAKYGTLQESVLAHAQEYGIENIEILFPDAKAISNSPEIIGRRTEWVAEVLTKTKHSPFSRIKSTAVDLTADEARAKGYVKGNLKKEEIIKLLKRVTTPTTIYKKQKLDRDDIVDIVDFNVVVWLKAEMRLMLDEELARAVLIGDGRESDDEDKVDEDKIRPIAYDADMYAHQVVVASDLAPGEIVETVLRTRTYYKGTGTPTFFTTDAILTDLILEKDKVGRRLYETEQSLAAALRVDKIVTVEVMEDAPDIVGIIVNLADYTIGSDKGGEVNMFDDFDIDYNQQKYLIETRVSGALTKPKSAVVIKRTLGTVVSPVSPSYDGVTHTITIPSIAGVVYSIDGETVSGDVVISETTDVEARPATGYSFPPNTGRDWTFVYTA,657,4.587,MCP,57846
Kromp,Singleton_19826_Kromp,MKTSTLARPRARSWFRLDRHDIRTTLPAAIRAIMQNGLLDGMFRESLMPELLFAQVADVEPWQGAKGTRKIMTRNGLMTPDPTPTTGSDATTGSYSIEQWEVVMDQYGKSIDTDLLQSKMTQASKYLNDVGRLGIHAGQTLNRLARNKLYKGYAGGRTFVKTDGTSDTSMVVASTDGFTHVLVDGVPTPVSASTPLTITVDGVANTVTGVNTGTSTLTLGTARVDVTGESVVSSQAPYVVRAGASNDSSFDVGTGDLIKFSHFRAAVARLRRMSVPAAEGSSYVAHIDSVTESQLFEDTEFQNLYRGRADSETYRDLAIGVFGGIVWVRNEEVPYLNASTTGYEDLAATVHRPIVMGSGALVAAPFEGISDLLTETGVNDVPEIAMINVAPGIDVARIVRPPQDRFQQNVSTTWSWVGDYGVPSDSLANNDPALYKRAVMLEHSAN,446,5.204,MCP,58268
Kitkat,AT_13714_Kitkat,MALWDLDEFTPGNLLPFVRQEPTPESFQAARWLPDKTTNDLSFEYIKGARQRTVMAHVMGFDSEAPIASRQAGGSRVTGELPPIKRKSRIGEKELIRFLSPRAHSSDVQDAIDQVYRDFSDLTQAVHARVEWLRIKALSERTVIYNEAGVIFEFDFGLEDELYFDMVTKKDGTGATITQLGGDWADLENSTPISDLRFLSNLQRDRTGVRPREFVSDAASLEMIYNSKEAHDLARGVNGLPGVLTTDEINSVFRRYELPTLTSYDVFVGSEQEDGSIVEERLLDQGKGFFVPGTQLGDTLWGPTAESRSLIGTNLSTQAPGIIGTAYGTEEPPAEWTKVAAVAFPTMPQAHLLTQVKLHA,360,4.752,MCP,58560
PhiAsp2,Singleton_PhiAsp2,MYTFPFEVPGDLTALSAEEFAAFAATVRTHAQTVLADDASPSNALLATRELFASVQGETTRRTDEAAQATAARAELAAGLAPEPTPEPTPAPTPAPEPVPAPDPTGTPPVPAAVPAGGTLDPAPEPEAAPAYASMTASADAPGNMGELSSFSQVGVLLERRLASYSTSTTKRPDMASRVRNGGKRAVIGGRSLQRHGGVTFNREFPAELRITDTKDALTVLDHAVSESRLEGGSLVKAVEASFKRTGSLTAAVGWCAPSETIYDLCELETMDGMLDIPEVQATRGGFFVPENGGPDFSVIYDSIGDEGDVILTEYDVENGAEKVCVEIPCPDFVEVRLDVAYVCITGSLLQRRGYPEAVTRFTRGAMVALAHKVNESVIARIVAQSGAAVVIAADASGDDAVSSLLSAIELAIEDMKYRHRMGRGATMEVVLPAWVIAPMRAALARRAGVAQYDVSDADILRAFTTRRAVPRFVYDWQDAFSGQASGPGGATPITTWPSTVQFLVYPAGTWVKPVRDVVNLDTVYDNALLTQNQYTALFAEDGFNVLKMCAESRLYQATIDTSGVVGCCP,570,4.558,MCP,58638
Arri,DC_72112_Arri,MELTLQDLLDAAHGAGEEGQAPTPEQRATAIREKLAGADRPAIEALQDEAIEKWGELNATDPTDEEGLAGLEALTEFVQVTRSVQSDLDAADEQARARRAEMEAKIKGTKGDAEGGEDEGAEGENAGEGGEGEGDGGQGADDSAAAATESTEGGDSGQGAEGASAAEAAPAAEAVVASAKRNRFDLAAIGKRTPKPKPQAEDERPRGFSITAAARVRGYETGQALDLDGVVAAAQARIENMPRGVKGLVQQEDIANFKLEFPEELVASGKDDNALLDYAASQSRLRGGSIVAAGGWCAPSETLYELSPVLADATAGLIDVPEISVKRGGVRTTEGADYAAIYSGGQVGVRETEAQAIANASDDDYQKVLYRVPCTDFVEKRAGVVYTGIEAGILQNSAYPELTRQHVETAMAAHAHRVNELTIADMVTASTPVDLTGTLGPSATGAILNGLELLIVDFRYRYRAPESMLLEVPLPIWTKLHVRSDLALRSGVDFNQVTDQQINAFFLARGARVQWVYDWQDAFSGVANGFGAANPKTTFNTTVKAMVYPAGTFVRGRGEIISLGVTYDSVNIRKNDFLEMFNEEKLLVHKRAYKSLVATLPIAVTGVSSAPVVLTHGGQVAPAEPETP,628,4.517,MCP,58650
Amigo,AQ_55754_Amigo,MSKLLEVANILGDAVAGDRGAQGLIKGLLTGSAYLHESISTSDLLKTFKDVTQQEVLAQYAAADKVWTDFARKNLMNDFRPDLFRELVADWSMLPETNGGEATAPDSLPNIPELTEYPTISWGVGEAQISLSKKGARAPFSWEAIINDQWDLLQGLPKYLGVLAANTEDTQATQQLASATGPNPVTFSAGNGNAASALPLTLENLSVAQQEVLNRQVNGNYITVNRWRLVVPRQLELLAKQILATTEVYTDITDGNAVQRTRSILPIAGNVSLTVNDWLTKIDKSANAARTWYLVPDGGSDGTRTALVVNFLRGHEAPEFRQSGDTGLYLGGGAVPTLEGNFSHDNIQYRVRHVTSGATVKPQALFASAPTS,372,4.949,MCP,59173
Bobi,F_15199_Bobi,MADISRSEVATLIQEAYANDLLASAKKGSTVLQAFPTVNMGTKTTHLPVLATLPGASWVSESATEPEGVKPTSEATWADRTLVAEEVAVIIPVHENVVDDASTSLLEEIAALGGQAIGKKLDQAVIFGTDKPSSWVSPALLPAAVAANQDYTIVPGDANEDDLIGCINRASKAVAAAGYMPDTLLASLGFRFDVANLRDANGNPIFRDESFNGFGTYFNANGAWPVGVAEALVVDSSRVRIGVRQDITVKFLDQATVGSINLAERDMIALRLKARFAYVLGNGATAVGDNKTPVGAVVPDGS,302,4.477,MCP,59179
Angelicage,DE_72112_Angelicage,MKVTLESLIEAAQATDANGNTLSAADRQSKISELLQDADRGDVDAILNESIEKYRDLDATDPQDDAELFGLELLVDTMTAARDMQTKFAEADAAKQQQRAELAARVNELTAESEPAGENGEQPGEQTTGEETTGDPTVTEGETTTEGGDPTTTEQDPDNGGSDQSAETTEGAEMVAASGKRSHFSVGAVAARKTTGDVRSPDNPAEQAPTGVVITASSGVRGHNTGQQLDGIPALARAAAASVRGLPTKGVRAMAKADIASLAIQFPDELVASADRDLAPILRNAVDESRLPGASITASGGWCAPSETLYEIPGSLTDANAGLVNLPEVQVHRGGLRFRRQIDFGTIYAGGRAGRVMTEAMSESEDPADYTKVFYRVDCPDFVEERADAVYTGASAGILQNHAYPEEVEAQIAELIAAHSHRINEITLERMEAIFAGVGHNQVNFTSTFGPSTVGASLNAIEWVITNERTRLRASESLRFKVAIPQWYKTVFRADYANRTGVDDALSVSDGQIEQWFNQRGASVDWSYDWQDALSLGSAGVGGATTANQLPTSVKVMVWPEGTIVRGRGDIINMEAIYDSAGLETNDFLRLFMEEQLVVLWRAYRGSLLTLPLSASGATGAARDLDGNGKIIVAAP,636,4.381,MCP,59215
Pine5,Singleton_72112_Pine5,MFEKPEQMPTDAAGLADLKAAAFARSEEIRAAYAETNTISQDDLAELKLTVQVVKEVDEALATLAAADADAQAALAALDESKAADEAKAKADAEAEAAKTDADKGADETENKGDADTAADEDQEGDSVTAGATRFAGLGKGADIDKTETERKLGWEMDERAPGYVPGKVGFAEIARGLDSVISGSVTRSGTSHASRPKLGGYGGITLGRLRRELEEPQNSQELVAAIERATAVDKLEAPTFDAAGSLVAAGGWCAPSEQLYDFCDVPEAIDLISLPELSIRRGGVRWPVEPDLTQIFEDFQFFYTEPELEATDPVTGLPTAVKNCVEIPCPDEFREIRLNAVGYCVEAGILQDQGWPELTEWFMKSITAEHFRALSRRTVNDMVTGSTAKTLSLGDLGPSGTGGVLNALALMATNLRIDKGLGRTATIEGVAPTWYFELLRADMANRQGLDVLAVTDQMILSWLSARNIALQFVGDWQTRGTGLPGSIDTVKYPAEVKILLYPAGTWFRSLSNVVEFGVMYPKEQLQLNRYTRYFVEDAIAVGKRCNKSLILTIPTNVHGQVGPRVSATP,570,4.481,MCP,59231
Che8,F_4631_Che8,MAFNNFIPELWSDMLLEEWTAQTVFANLVNREYEGIASKGNVVHIAGVVAPTVKDYKAAGRQTSADAISDTGVDLLIDQEKSIDFLVDDIDRVQVAGSLEAYTRAGATALATDTDKFIADMLVDNGTALTGSAPSDADDAFDLIASALKELTKANVPNVGRVVVVNAEMAFWLRSSGSKLTSADTSGDAAGLRAGTIGNLLGARIVESNNLRDTDDEQFVAFHPSAAAYVSQIDTVEALRDQDSFSDRIRALHVYGGKVVRPTGVVVFNKTGS,273,4.352,MCP,59471
Adephagia,K_15199_Adephagia,MADISRAEVATLIEEGYSHSLLAAAKQGSTVLSAFQNVNMGTKTTHLPVLATLPEADWVGESATDPEGVIKTSKVTWANRTLVAEEVAVIIPVPEAVIDDATVELLTEVAEQGGQAIGKKLDQAVMFGIDKPASWVSPALLKAATDAGQAIAHVSGVANEYDLVGASNKVAEQVALAGWAPDTLLSSLALRYQVANVRDADGNLAFRDGSFLGFNTHFNRNGAWSPESAVAFIADSSRVKIGVRQDITVKFLDQATLGTGDNQINLAERDMVALRLKARFAYVLGVSATAMGANKTPVGVVTPDVTPPTSGE,312,4.689,MCP,59646
Edmundo,AL_9868_Edmundo,MPEHIDALLTNISVAHIQTQDKYIATKVFPIIPVTKQSGLYLKYKQEDWFRDEAQKRADSTESAGSGYEVGSDSYRADVYAFHKDVGDQIKQNSDVPLQPLADAARFVAGRMLIRQERQFVSDYLKTGVWGTDLTGVAGVPGAGQFRQFDELGTSDPILTVEDVKDTISRKTGFDANTAVLGSDVYKVLKNHPDIADRIKYTSSENVTLDLVARLLEIDRVFVMKSIFNTAPEGKAGTYDYNFAKDLWVGHVADAPGLLTPSAGYTFAWDGVSDGQGLTIGTTQFRMQNLRADRVESQSAWDNKIVAPELGVYLSAVVK,319,4.984,MCP,60191
Mufasa8,FG_8598_Mufasa8,MTAALEQLSTETIEEIKKAQTTGVTVATGITGYDLSGLISLIPVNTPWFDRVSRVGGKGAQVAQWKALTNINNAQPNPFSGLEAGGGKVKFNELDVFAPYRPLRMAGEYTLDSRDLAQGYADTKAIAVAGTLGQWRIGANKAHLGGQAFALPAISSAVLTASGTGGTIGASANVFVRVAARSPYNFYWGGSGAAAAAANVTVSAGTTNSVTATVASVRGAVAYDWFVGSSAGTEKYLTTTTVNKLVITSIPGANQPAPTNIPSLSATAPTAVPTVDASYNQQNSFNGLFATLSGDYGTSGLVSAGSGVDSGATFRSIDGAQLTTSGQGVKELDDLLLDLFNRTNLSPSAFIMNGQQAKDIASRITASGAASTYLQPDSGGRVGMTGGASVARYINSAAGGQSVEIVVDPHFPVGQIVAVTEHINYPNSGITNTFESRTLRDVSQWDYGVAHVEGAGGGPKETWDVSSIETFVNRAPVACGVISNIAAG,488,5.325,tail fiber,60205
DS6A,Singleton_15199_DS6A,MADVSRNDVATLIQEAYGDDFLSWAAKQSVALQAFPTRDMGTKTVNEPVLATKPHAKWVGEYDSATYDADSNPVGRKPTGKVTWGNKKLVAEELAVIVPVHENVVDDATESVLGQLAVAGAEAIGYALDGAVFFGINKPGTWNSNDLYASAVAGSNVFELGDPRDGEDISGSILLGAEALSERYEPTSLFARRGLQYRLANQRDHNGQPVFQGPLSSAPGSAATVHGLNTFYVTGTVDDGAGGDQLVWDPSLATALIVDRSRVLIGVRQDVEVKFLDQATVGGINLAEHDMVALRFKARFAYALGDNIAYGSKLQSSSPVSLVRPADGTDPGNGGEGEGEGEGEGEGE,348,4.403,MCP,60588
Mariokart,DR_72112_Mariokart,MDPFELPEELPGSAEALNDLAASAQSEINVIRARHEAGEELSDEDVTRLRYLVESLGTINEARESVSAAAEQRQADAAELLNSVREDASDADGDADETAETETAETEERQSVAADGRPVNFSGVQTGEAETPDDADQREPGWEMLPDAPNYRAGRVGFAELAQAIDSVRPGSRRARTAAAKPSGNYFAQGLARLKRDVPLIEDSHALVAEIERVTSQVRGEKVTAQSLTAAGGWCAPSEQLYDFCDVPDAVDLVSLPELTINRGGVRWPVEPDLTDIFESFEFFFTEPELEAVDVDGVPTAVKECVEIPCPDEFEEIRLNAVGYCVEAGILQTQGWPELIEWFMRSLAAEHLRAISRRTINDMVTGSGAPLVIPPTSIIGAAASVLNSLSLMAVNLRLDKGLARTATIEGVAPSWFHEVLRADLAMRDGRDVLSVSDAEITGWLTARHIALQFVGDWQTRSAGLPGNLATVTWPNTVNVLLYPAGTWFRSMSNVIEMGVMYPKEQLQLNRYTRFFTEDAIAVGKRCNQSINVTIPLQVSGAIGQRQWVADNVGSPQPVGA,560,4.331,MCP,60762
Cain,K_15199_Cain,MADISRAEVATLIQEAYSDTLLAAAKQGSTVLSAFQNVNMGTKTTHLPVLATLPEAGWVGESATEPEGVIPTSKVTWANRTLVAEEVAVIIPVPEAVIDDATVAILTEVAEQGGQAIGKKLDQAVIFGIDKPASWVSPALVPAAVAAGQAIAHVSGVANEFDLVGASNKVAEKVALAGWAPDTLLSSLALRYQVANVRDADGNLAFRDGSFLGFNTHFNRNGAWAPTSAVGVIADSSRVKIGVRQDITVKFLDQATLGTGENQINLAERDMVALRLKARFAYVLGVSATSVGANQTPVGVVTPDVTA,307,4.773,MCP,60813
Aflac,DJ_14189_Aflac,MEPDFSGFATKANLRCSDGRTILSDAFKHMDGTKVPLVWQHAHNEPSNVLGHMQLEARGGDVYGYGFFNDSDAAVNAKSLVKHGDITALSIYANKLVEKDKAVMHGTIREVSLVLAGANPGALIDNVNIAHSDGSMDTLDDEAIIYTGLPIAHSEESTETMGNKTIGDIFDTLNDEQKGAVGQMLESALAHAEDEDKDKEKVDTDKKDDDKDSGSGEKTVKQIFDGMSEEQKNVVYFMIGQALDDAKAEKTETKSSSESDETKSTAKHDNFSEGSTTMSHNVFDKDAVTGADTTPALSHADSASIFEGAKRLGSIKEAAEDYALQHGIEDIDVLFPDAKAISSTPEFIARRTEWVSEVMTGTRKTPFSRIKSLTANLTLEEARAKGYIKGNLKKEEFFRVAKRVTTPQTIYKKQKLDRDDILDITDFDVVAWLKGEMRLMLEEEIARAVLLGDGRSAGDDDKISEDHVRPIANEDELYVTYLYVNTGGAEYTAEEIIDSLTLQRRHYRGSGNPTFFTSETVLAQLLLIKDKMGRRIYPTVNDLSAALRVSKIVAVEVMDEPSVDILGVMVNLQDYTIGADKGGDVALFDDFDIDYNQYKYLIETRISGALVKAKSAVVIKAVAGGTLVRPTAPTWDDEDKTVTVPTVTGVTYKNKLTNATLTTASPVELTPDEELTVIAVPASSSYYLASSAEDEWMFDGDRGQVSGAF,709,4.593,MCP,61288
TPA2,Singleton_72112_TPA2,MDTSAPGYKSGKVGFAQLAQAIDSVRGGSRRMSPTGSKNGFSTQVIARLSRSVDVIEDSHALVAAIEKATTVLPNGQPVSAASLTAAGGWCAPSEQLYTFCDVPDAVDLVSLPEITISRGGVRWPVEPDLSEIFESFQFFFTEPELEAEDAEGNPTAVKNCVEIPCPDEFEELRLNAVGYCVNAGILQAQGWPELIEWFMRSLAAEHLRAISRRTVLDMVAGSGPAKVIPAASQIAAASSVLNSLALQAVNLRLNKGLARTATIEGVAPSWFFEVLRADLANQEGTDTKAVTDAQITSWLTARNIALQFVGDWQTREAGLPGHLDTVEWPDTVDVLLYPAGTWFRAMSNVIELGVMYPKEQLQVNRYTQFFTEDAIAVGKRCNKSIVVRVPICPSGAVGARQTINCNTPAVTP,413,4.769,MCP,61440
Argie,W_72112_Argie,MKFTMPTPDELAEMSASDLNQRAAQAAAEIAVFQARYNAGDEFTPEEVERFEYLAESHETLTATATELESAETQASEKLSDLMARTTAAAKPADPAPAADEAPAETPAETPADDAPEGGAEVVAEAEAAAAEAAAATPLAAAARPVSFAAGANSTPPPAPKDESKPWALLPSAPNFAKHAGQGVDLHDIAMAIASVDPSSGQGVQQTGTAGQGMAKQAIASITRPQVTMEANSEQVIYEYLQNLGKEIPGHGAATAEALVAAGGWCAPSQQVYTFCDVPPASGLISLPDFPFDLSRGGVRVPVNPDISELLESLWHFTESQLEAVDGSGNPTAVKPIIELPCPDEFIEWRLEAIGWAAKAGILQRQAWPEAIENALQLIQVAHQHRVSQLTIGKMVAGSGAPKVVPTDAILGATSSVLNGLARNAVNLRIDKGLSETATIEGVAPIWFREVLRADLALRDGKEMLAVTNAEIDGWLAVRDIYLQYVTDWQKGEVGQPGDLDSQEWPGFADVLLYPAGTWFRQLANVITLGVQYPLEQLQLNQYTHIFTEDSFQVGKRCNESIQVRVPLCVNGAVGAREQITCTYTGVATKTATITTTGSPTGGNFTLKFSANGIESATIAYNASAATIDTTLTAIDDGVTGAGDITASGGALPTAVVVTYPAELGDLEKGTVALTGGSDPDVNVVVS,687,4.274,MCP,61547
Blab,EG_72112_Blab,MFTMPETLDGLSLPEITELRAAAVAAANELNALADDVITAEQTTELIALIDNVGTLSDRVTELEGSEATAAQLAAARAKLADIGKDEAGTEGADADAADADAEGADADADAADADAENRELVLASAAGGTVPAGRTFTQRVADKNVVSGRNEIERDVNRILEQSKGKELAITAAANIGGFSSGETLDFTQLAEAYAKRGKTFASRIENGQRRMAGRKMLSRQARTRSGLTDGAERYSVARLAKPDNAFQITQGMSSQGAWDVIMKAAAEGRLKGNSLTAAGGWCAPSEIIFGFLELETAEGMMTMPEIGAPRGGIQFTKGPQLGDLLIDTDLGWVMTEAQAEAGDFTKPVFDIECPDWDEVRMDAVGWALRAGLLTNTTYPELLRRYLALALIVHARRMNKLTIDRTRALITQTMTLASVGAVPSATADFLDAIELGAMRIREQFSMGLRATVEGKFPLWARMVVRSDLSRRTGVDMLSVSDRQIDGWFSERQISPEFVRDYQPINAGAVTVEGGTANWTTMPTKVEFMLYPAGSYVRLAEDVIDLDTVYDQDNLTKNQFLAAFFEEGFNIVNTGANGVKVTVALPNRFGVTGAAIIGDLANDALVTP,608,4.497,MCP,62150
ValentiniPuff,Singleton_9868_ValentiniPuff,MPQPTENSLHINAPLTNVSVAYTLDRAGLIADKVFPEIPVDHKTDIFWTVPRGAWFRDEAKPRAGGTESVGSGYDTDQDTYHTIVEAIHKDVDDQTRANADAPFNLDADATRFVTDRLLIRKEVKFLKSVFKTGVWGSDFQGVASAPNASQFIQWSDYDDSNPVKDIKRWKRQILATTGLVANTLVLGYDVLDALSEHPAFIDRVKYTSAESINLDIIARYFEVDRILVSQTVLNSGKEGRPDVFDFQLGKVAWLGYVAPTPGLLTPTAGYSFSWRGVSGGLGQTVGISKFRMDHLKADRVEGEIAVDPKIIAPELGIYAYDVVA,325,4.974,MCP,62517
Alleb,ED_4177_Alleb,MPKTLMETVTRDGDLPVYNRRINDAKLMEADKIISGIAKGDNRAVLAFKEHLGARRGEAIHTTGDDFIYAFAQLTQFSVNNEFQAAERNWSEAIETELVSSFETPIDYSIKPVLDGFERPVTEPGKPGDVPPLVPEGSPYPHFRFSGERNAQGNIAKRGGRYDLTFEEIIRDVVGLVPQIPVMINEALLQAEEFDAWFPLIAFIDTAATRLAAGQTLLEENVPANSPLSRPALAVALQQAALREINGEVVDVSAYNLIVPKGVREQALFLINTFTLTGQNQQNGLTTNLYSVSGYNPLSKIANVIETKYMPAGHWALIPAKGAISGRNKFYRLGQLIGHVGPELRLENVTGQYLGGGDVSPFEGDFETDSAAFRGRIIEGPLRWNNQYAVYSNGSGQA,398,4.968,MCP,62684
Sparky,Singleton_15199_Sparky,MADISRADVATLIQDAYAADFLSWAAKKSAVLQAFPTRNMGTKTVKEPVMATKPHAKWVSESATAPEGVKPTGKVTWANKNLVAEELAVIVPVHENVIDDATEDILLDIAKAGGEAIAFALDAAVIFGINKPSTWTSNDLYASAVAGNNVFTIGSAVDGEDLSGQILNGAEALADRYEPSTLLAKMGLQFKLSNQRNADGTPIFGGPLAAAPWSDGTVHGLSSKFVTGTVDDGDGGDQLVWDPDIATALVVDRSRVIIGVRQDIQVKYLTEATVNGINLAERDMVALRFKARYAYVLGDNIAFGSQLSTSSPVAAVVPGGGS,322,4.589,MCP,63334
Wollypog,Singleton_8871_Wollypog,MSNLFLPGASFGGRTALAEMQRLIGAELPRLGGTNQAGDLVSRTVDGFDLNTLWNEFQDTIEIQNAERTKIVQILSFPVTSLVERVAQVSSARFEVASEYGEPRGIRPATGYFNLGYDFEWYDLAARFTWKFLAEAPANQIQAINAMVLEADNVLIYEKVMEALFAGNTNREANISDQIVPVYGLYNGDGTVPPNYKSKTFTGTHTHYMTSGATAIVPADLDDLYDNVTEHGYTRANGYSFVVIATTREVRAIRGFKIANGATYDFIPAQGDFAQLLPAEQQLIGSQPASTWKGMNVAGAYGPMLIVEEDSFPAGYIVGLATGGPENLGNPVGFRQHENASLRGLRLVKGPSSDYPLIDSFYNRGFGTGIRQRGGAAVMQITASATYTPPASY,393,4.854,collar,63364
Adjutor,D_8871_Adjutor,MKTATEGRVMRESFLEIIAVVGLSGHDNQGGYNTAGDIKYKTADGVSYDSLWNLFSNVTDEWNKHKSKMVQLMTFPVTNQTEKVPRIGQFGFEKASEFGVPESKRTELSFYQLAYDFEDYDLAFRYTWKFLRDAPSSQIKAYHNQALQADAKLIHRKVMEAIFDNREREADIEGLPYKVYPLYNGDNMIPPEYNGTTFSTGHNHYLVSGGTKIDSADVEMAADHIREHGYTEENGTQLIAFAHKAEIQEVRRFRFGQTNNNSAVANYDFVQSQGESPLYLPNADGLLGKQPQSMWKGLRVKGSYDDVLWIEEPTMPAGYVLFLATGGTLAQQNLVGLREHEDAAWRGLRQIPGNQTRYPLIDSFYQRSFGTGIRQRGGAVVLQIKASGTYDIPTKWTNGGGFE,403,5.531,MCP,64511
Dori,AD_72112_Dori,MGTAPCALTVRCSESSCWLRAEERSDNRTPKYPRHRSIAVKFKLPDQLPATVAELNELADQATAEIRIFQARADAKDDFTPEELERFEYLLDSRDKITAERDTLEASTAEDAEKLSKLLDRSAAETKTAAPDEAAESSDADADGDSDEDGEGGAASDVVAEAEAATKAAAEEPQPVAASAKQSVSFAGATRGHDSVPDAPSGSDDDAPLKRWTMLTSAPKYAELGMNGPVSTREIAEAIVSVQPGQRTGRQATGQRFFEGDLRASQALAKLERPQGKVAQTAEELFAMLDKAASEIPGHGKVSAKTLVAAGGWCAPSEQLYDFCPTAAAGNLISLPEAAIKRGGIIFPAEPDFSALQSGFHFTEPQLEAVDAQGKPTAIKEFVEIPCPDEMIEYRLEAIGWAVKAGILQKQAWPELIQKFLDEFMVAHQYRVSALTVQKMLGESSAAKLVPTDAVLGATTGILNGLHVRARNLQLKHRIETIEGVAPVWFRDVLRADLANREGKEFLAVSDAEIDSWLAVRGIYLQYEGTWQSHAAGKPGHSDTAWWPDSVDVILYPAGTFFRSLDNVITLGVQYPIEMVQENRYSEGFVEDSFLVGKRCYESHLIRIPLCVNGAVGAREQIVCGTP,627,4.708,MCP,64613
Beyoncage,DG_8871_Beyoncage,MMIELKTKFFAFGGDGGYQTAGDIVTQTIDGVDLNALWAEYQETIALWNERRLGLAGLLTFPVTNLIENVPQVGDAVFQEASEFGEPEAGKIPVSYIQLGYDFKWYDVASRWTWMFLADADVRQIDALHNAYLNGDARLVFRKIMEAIFDNRNRSADINSQAYNVYPLYNGDGMVPPDYGVNEFEGTHSHYLVSGGTEIDPGDLENATEHIEEHGYSKENGTTLVHLVNKAQAKVIRTFRQGQTTNGVVANYDFIPSVNESPIILPAEGILGSRPPSTWQGLRVLGSYNDALIIEHFAIPTLYMLTFASGGLGQMGNLVGLREHANPAYRGLRLIAGNQQGYPLTESFYSRGFGTGIRQRGGGVVTQIKASGSYDIPTQYRKGSGLG,387,4.908,minor tail,66610
BiPauneto,CR_56987_BiPauneto,MPINRDFVDPAELTSQVRVALADMDINGPNTLAPYLPSETIDDIEYNAETGQGGLVEAAMYRAFDAELPLANDEALGNMRGRIHPLGQKIPLLEEDRIRLRNGAESGLTAYIERTSKRIAKAVALQINLKRAEALSTGKLKFVGNRQNFEVDFGRRADFTATATDLFSDPDVDPFGVLEDLNEEYYDENGFEIGTFLAPKEVKNAFYRHPLVTALAFGRKPTDVPDGAVAPPSAIDALFGERNLPGFTKVGGRIKVRNLDESVTIKDLLPRDTLIALPGAGDASVAGSSELGSTFWGKTIEADKPEWGLSAEDGAGIVAAVHDNDDVPARMWVSAHAIAMPVLVNPNYSAALKVL,355,4.604,MCP,66935
C3PO,EN_56987_C3PO,MAKVNRDFLEPSVAVSIARRELAEFEANDPSSLAGYLPSLEVDDIEYEIEVGGSDGMITAANWRMFNGNTTSEKWGEGAKSRGRLMPLSRNFTLDEETRLRMRNDASSAIERESAKLVRRATRAIALQINYQRANAIANGKVEIKGSGGLRQEVDFGRRADFSTVAPTLFSDPTADPLGQIEAYADLYEEENGFRPEQVMMSSEIRRIISTHPVVVRGATGNPDKPRASVAELQALFDQYDLPTIVNLPTNKVKVDNLDTGETEVKSLFEKDSLLFTPRAGDPLAPEASIFGRTMWGRTLSGDTENFGLANESLPGIVAAVIEEGWPSHLEVIADAIAMPVVFNPNYTLKAKVL,354,4.765,MCP,67383
Rosebush,B_72112_Rosebush,MFVLPDELPTDIDALQALARQAQAAINVIQARHAAHLAGTGEELTPDDVRELRSLVEADEAISAAIAEATPEAVDQAEVDALLARAAAPAANEDNGTPADDAPEDGGSAADVVAEAEAATAEAAAGEPALAASGAGAPSANFAAVGTPGAPADAAAGNTERRAGWIMSPDAPGYVAGPVGFREIALGIDSVRPGSRGARRPTGQRGSFSTQRLASLTRDAHLVQDSHDLVAEIERATSQINGGEFRGQAVTASALVAAGGWCAPSEQLYDFCDVPDPTDLISLPEITIRRGGVRWPIEPDVSALLTDFAFQFFFTEQQLEAEDGNGNPTAVKECIEIPCADEFEELRLAAIGYCVEAGILQDQGWPELTEWFLRTFAAAHLRGVSWRTVQDMVAGSGTPKIIPTQALSVGATTSVLNGLALQATNLRLQRGVARNATIEGVAPSWFSEVIRADLAIQEGVDTKAITDGQIDSWLAARNIYLQYVADWQSRGAGQPGHLDTVQWPNSVNVLLYPAGTWFRAMQNVIDLGVMYPKEQLQVNRYTRFFTEDSIAVGKRCEHSINVQLPLCVNGAIGERIEVSCNVDPGDNSFTLTNTAESGQYKLKVGGKTTADIAYNADNATIKSALVALDDGYSASDFDVTGTSPKTIKAPKELGSIEVVAGTTPVAGGTVTVTLA,675,4.328,MCP,67480
Triscuit,Singleton_8871_Triscuit,METISPEGLIQWLMDDSNQSLTVFARENGINERADVIRAADGTDLNEFWNEVNATIAIRNRDRTSILDRIVTRVDGVSEEITTPSEVEFEEATEFGQPMSIKGGAARFFRGFDFKFWDLAIRYTWMYIAEAGLEQLRMNHNLALEADVKLRFQKLMGRLFNPLNGNGFTEKNEAVTVFAAYNGDGEVPPKYNHETFTGSHNHYLVSGGATITHQNLSALANELGHHGYTLPNNYELILWVNKQEGAVIRTFKVDNGAEYDFVPNAALYNGKIWVPTNGQYVGGPQGVVQGEIGTWGPFHVVEEGYIPAGYVVAIATNGPDRLGNPVGFREHSNPDYRGLKVIPGQRSQYPLLDSFYRRGFGTGIRHRGALAIMQVKATGNYQIPAAYDPAA,391,5.204,MCP,67539
DumpTruck,DV_8871_DumpTruck,MSKQLSLLLAPIFGAERRNGYLNEGDIVRTTIDGVDLNEMWQDFQDSVNIINEHLGHLVSLLTFPVTNPIETVPQVGATEFELASEFGIPRSRKIEVDYFHLGYDFEDYDGRIAYTWKFLRDADARQVEAVHQKNLEADGRLIFRKVMEAIFDNRNREADIRDRPYPVYPLYNADGTVPPSYKGVQFDGTHSHYLVSGAAALDSKDVEDMYDHIAEHGYGIENGTTFILFVNRQQLAAIRTWRRGVTNANGAVATYDYIPSPTRPAMFLPNAEGLLGSQPPAAWNGLPVDGSYGDILIIEEPMIPPNYLFMFGTGGAGDLQNVVGIREHESEAYRGLRLMPGNQARYPLVDSYYGRSFGTGVRQRAGAVVLQVKASGTYDIPDQYERGLGLTVGV,395,4.841,Other,67754
Ziko,DP_15199_Ziko,MADTNRTDAAALIQEAYSDVFLDSVSETAKVIGTFPVYNMGTKTTNLPVLSTFPHAKWVGESATAPEGVKPTAKATWANKTLVAEELAVILPIHENVLADATEDLLAELARMGGASIGRALDAAVLFGHQKPVTWASKSLFESADDAGQVVAVGNSNGVEGDDISGSILQAAEMVADVYDPSHLLGYSGLRYRLANQRDANGQPLFQPYMQGTPGSDGMVHGLNTVFFSGNVDDGSNGDAPVWDRDVASAIVVDRSRVVIGVRQDITVKYLDQATVGGINLAERDMVALRFCGRFAYALGDNIAQGRVAAENSPVAVITPYAGS,324,4.485,MCP,68860
Cuke,AC_8871_Cuke,MKTLMTKRDSEMNFEHMLARAGLLSLPYGGEDDPSGGYGTAGDIVYTTNDGVDLNQLWTEAQAALAVWNAGRSKLVNLMTFDVENEIESVPQVGEATFELASEFGEPEGERIKLGYFQLGYDFKDYDRATRFTYRFLRDADARQVQAINNAMLQADERLVFKQVMAAIFDNRNRVADIRNNPYNVYALYNGDATVPPPYRGTTFTAPHSHYLVSGGAKIDSGDLEDAYEHIAEHGYSIENGTQIVCLLNRQELKEIRKFRQGQENNNGKIAEYDFIPGRGQPTQIIDTPLGLLGSLPPDTWNGLRVYGSYGDILLIEEPFIPAGYFLMFGTGGAGNLQNLVGFRQHKNAVYRGLRIMPGRDQRYPLIESYYTRAFGTGIRQRAGGVVMQIKASGNYTIPDAFNRDMALIA,410,5.055,MCP,68869
Beckerton,H_8871_Beckerton,MLAYQEFAGMPMIDGIPVFPIFGGTQPVHQGGYATSGDLVTHTADGVDLNDLWDIASLALEMYAEQQQTLIDLLTFPVETPVEVVPQIGEISFDELTEFGIPTTAQQQVEMWSMGYDLRHYGKRLGYTWMFLADADSRQIEAMHNGMLLADRRLVFRKIMEALFDNRIRRTNIRNQPYNVFPLYNGVDVGIVPPPYKGNTFTADHNHYLTTGNSVVDSSDVEDLYTLIAEHGYGIETGATFYLLANKTETDKIRGWRRGAVSANGINATYDFIPAANQPAMILPNAEGLLGSLPPSSYRGMRVIGSYGDILIIEESFIPPGYMLMVASGGAGNLGNPVGFRQHANPAMQGLRMLPGNQQRFPLVDSFYAHSFGTGIRQRGGAAIMQVTTESTYAIPNGYKKGTGLLA,407,4.911,MCP,68882
Dryad,BN_9942_Dryad,MELSMSDWAARKAEFAAKRAATSVWTESEPGDVVGVRADGTAILLAAGGAADNFDDWIPEEMDSAVIQRVNQVSAVMAWGRHTPMGSATKKVPRSSGMEVKTLNKSGQYTASNDENDDVLLTARKHTGLLTVAEEDLNDSAADIIAAKEIDWATSYGKYFDNATLAVTAAENAPTVPYTSVYRALTQSNATTGYTANDNIIGTVTVGEVAYDELSEALGRYEDGDYFDESLSVVIAHPTFRKQLRQIKDDQGQPIFVRGQGGDAGTPDTVFDLPVKWSNGCRLNATASQSPSGAPIMVFANKDFLIIGDRSNVETQPIPAAISTTDEANVKIRDRKGFAIGHEKAFAVLVDNGSALS,357,4.52,MCP,68994
ChewyVIII,Singleton_56987_ChewyVIII,MATINRDYVDPATLTDQTRTALADLEINSPDSLAEYLPSETIDDIEYDADAGQGGLIEAAMYRAYDAGLAIGQDETLGRMRGRIAPLGQKIPLLEEARLRLRNDSAAALTADIERKANRIARAIANQVNYKRGQALADGKLVFEGNGQDFDVDFGRRPDFTNVATELWTDPTADPIEHLTTMADLFEAENGFRPTKFLTSQAVRTAFYRHPKITAMAISANGNPARIASPGEVDALLSLYNLPSFTVKAGRVKLRKNDGTSETKFLIPQDSIIMLGEPGSAEVAGSSELGSTYWGVTIEATRSNWGIEQSQWAGIVTAVFDNDTVPAVMSVEGSAIATPVLLNPNYSLRTKVL,353,4.63,MCP,69165
Corndog,O_9072_Corndog,MGNATTASDEYIRRLENELREKESLVRGIYDRANASNRDVNEEEGQMVAECRGRMEQIKNQMEQAQEVNRIAFETRSKGQAVDAAISAMRGSPVGTEVEYRSAGEYMLDMWNSAQGNASAADRLEVYARAADHQKTGDLQGVIPDPIVGPVIDFIDSARPLVSTLGTLPLNNATFYRPIVSQRPAVGLQGVAGGASDEKTELDSQKMVIDRLTVNAKTLGGYVNVSRQAIDFSSPSALDLVVNGLGQQYAIETEALVGAALASTSTGAVGYGNATADNVASAIWQAAGAVYTAVKGMGRLVIAIAPDVLGDFGPLFAPVNPTNAHSTGFEAGRFGQGVMGSISGIPVVMSAALGSGDAYLFSTAAIECFEQRVGTLQVVEPSVFGLQVAYAGYFSTLVVNEDAIVPLVGS,410,4.525,MCP,69777
Chipper1996,AR_72370_Chipper1996,MSTVTYPPQGPTVNGHQITVDWALKNPTFINKAVSLAVQGKFISDYIFRAGDAAAGAVVYERTLGPNEKYPAKGDVSIVEPGDEFPLVDVGEISKETAIVDKFGAAALVTYEQVRRNQKDKITEAIVKISNAILRKTDSRAMAALAADPDKLTVGAAAPWGTGTPDPFADIVGAVGLGEGQELDYNFDTVLINPTDAAKLLKNRDIRDQLPREAVASNPLLSGRLEGLAGLNWIQTNRKAAGSLYILQRNITGVHAEELATYTRNIDEPINERWRVQGARVSVPIITDPKSLIELTGI,298,5.168,MCP,70090
Kumao,Singleton_57253_Kumao,MAHAFVKPTAVVDTAIQILQREIVLPRLVWLNGFDVAGKYNDTVSIRVPARTQAHTRQLRGTGSARNLIASDLTESKVDVTLTDDVYNLVVLTDEEKTLDIRDFARDVLARQVRSVAEQLEDGLAATIEGAPYTQVHNAEADTLYNAVASARRQLNDAYVSRQGRVLIVGSAVEQALLEDDRFSRYDSAGEGATSALREARIGRILGYDVIVVDAIRHGDAFLYHPTAFVMLSRPPAPPMSGADRVSAVAAEGGLALRWLGDYDPTITSDRSLVDCFVGYNIVEDPNGVGFVRATKIHLKAESVEIQGDDEVDVGEKLQLRAVDSHGDDRTEDDDTVWESSDPSKATVVDGEVTGVGTGTAIIKVTVDGKEDTLEVTVSA,380,4.511,MCP,70373
Patience,U_8871_Patience,MATKELKIGGVPVFPIFGGTAPVRQEGIMTQGDLVTVTSDGIDLNALWNSFAESIAIYNEAMDNLIQLLTYPVTVPVEPVVQIGETTFEEATELGVPRGAGLPIEVFQMGYDLRHYDKRNAYSWMFLADADGRQVEAIHDAVLWADKRLVFRKVMEALFDNRTRRANIRNQAYNVYPLYNGDGVPPPRFKNNVFDETHSHYVISHNSVVDSSDLEDLMELLAEHGYSPQAGTQFLLLANKAETDAIRQFRRGVVNNNGATAGYDFIPSPTQPAMMLPNAEGLLGNQPAPTFGGLAVIGSYGFWNIVEEDYIPPGYLVGVGYGGAFNLGNPVGLRQHANPAMQGLRIIAGNYQRYPLVDGFYARSFGTGVRQRGGAAIMQIKASGAYECPPIYKKGGGFLV,400,5.109,MCP,70506
Beagle,AP_72112_Beagle,MAKKFERPANLQELEPADLEKAVNDAYAQAEALAAKDAADLTDEEYAELTDLHGFLTEARAENEVREQALADKQAKLEEIRNGLAPKEEAPAEGAAPAAEGATGEADAEAAAVEAAAQAEAAEAAAAPAPVQEASIKRPIKSFAARAAKVAPAAEAPAPAKTEDAVSAWSLVAGSDAGSGFSNGQTFATLEDGAKIIQKQLNAMPKGLKGVRHQNSALVINLPENEFSDANPAFTNPTDLLLAAGNEERLDGGSLVAAGGWGAPSEQKLDFCELESIEGLISLPEISITRGGISYTKGPVFADVLANSTGFWDMDEATAEAGTELKTSLRPEIPTFTEERLDAVGVMMEAGLLLRQGWPEVIARYSSMLLTAHQYKLAQKKIAGILGFTGAAKAAGPGFGNALDILHVLELVATGERQRTFMSPKQTLEALIPHWVKNVVRVDMANRNGVEFKDVTDAEIDRWFTARNIKVQWITAWQNIVIDGATGIAKKYPDTVEIVLYPAGTYVVGTAPVITLDTIYDSVNLKKNDYVELFVEQGILVTNPCGDGVRISLPLYANGQRAQDTISNNFGTAAV,575,4.547,MCP,70671
Candle,R_8871_Candle,MNTALLESDLKMLRDNPSLRSLLTRLPFGGEDTAGGYGTEGDIVYTTNDNVDLNALWAEAQQALTIWNQGRNKLVSLLTYQVTKEIEEVPQVGEATFEEASEFGEPEGERLKLGYFQLGFDFKDYDRATRFTWKALRDMDARQVRAVNNAMLQADERLVFRKVMEAIFDNRNRETDIRNNPYPVYPLYNGDGTVPPSYGDNTFDGTHDHYLVSGNTLIDSGDLEDAYEHLFHHGYSIENGTQIICLMNRRQIKEVRKFRMGQVNNNGVEANYDFVPSRNQPAQFLDGPLGLIGTLPPDWWQGLRVSGSYDDILIIEQPFIPDGYFLMFGAGGAGNLQNLVGFREHKNPVYRGLRILPGRDAGYPLIESYYTRAFGTGIRQRGGAVVVQIKEDGAYEPPEQYTRGLDLIA,409,4.735,MCP,71390
Onyinye,Singleton_8871_Onyinye,MARQKLLVRGGEGNRSGYMTHGDILTHTIDGVDLNELWGEFIDANSVYNQHKQGMVGLLTYPVVSDIELVPQIGDFNFEEATEFGIPRKANTNISYYQLAYSYKDWDLGVGYTWKFLRDAPAAQVEAIHAKAIQADQALVFRKVMEALFDNRSRQTIINAMTYNVYPLANGDGWVPPSYKGQTFDGSHNHYLKTNKAVLDPGDFENAVNHLTEHGYGWDTGTQIVLFANRAQVNEIRKWRLGVASQGVTANFDFVPAMGQPALIVPNAEGLLGGQAPATWNGLRVSGSYMDVLVIEEPLMPAGYLLFLSTGGPNVDENIVGIREHASPEWRGMRLLPGNQQRYPLVDGYYIHGFGTGIRRRTGAVIVQVGTGTTYAPPTDYTADSTKTR,389,5.465,collar,71419
Itos,L_57253_Itos,MAHIFVKPELVAEIGVKQLQREIVLPGLVWTNPLTNFGGSKNDTITVRVPAITTANRRDLRDTDRTVIASELVEHSFGVTLDKHIYAALKFTDEQRTLDIRDYTQQVLVPQVSAVAYELEDYIAELIEGAPYEETILIDPSDTVPSFITADQRMGEAFVPTDGRTLVVGSAVAAALAKDKQFRHADWSGDQANSALREAHVGRLAGMNVIRSLAIAPDKAYLWHRTAFILAYRTPVVPEGAKAGASFSANNVALRWLADYDYSQLGDRTLLDVFTGRKVVTEVDGSFVRAVELQLTASGISIVGGDFALATRTGTRQLKVRDDNGTDVTDRCTFQSATASNATVSASGLVTGVAAGTSVITASYVPPQGGAAKTATATVTVP,382,5.198,MCP,74937
Neville,DU_57253_Neville,MTFNAVKVEKLANYSLNLLQRSIILPSTITVKSGEEFRGALGDAITIKIGARTKAKRTLIRPATENDRNIEFSDMSEQKTHVYLKHRIYNAQALEDEKAKLDVEDVFSQIVAPQVRSVAIDFENLIAEEISGAPYKFVVDVDPDKTYHAFVEANRLLGQAFIPDDGRTLLVGANFEAALRLSPQFIAASSAGDTIASSLLARASLGTINGYNVVKSYALPANEAYIIHRSAFSAAWLAPVVPDGASWGKSIGAEGGLSLTWLKDYDFSKGRDRSLVHVYAGTNTTIDEPDENADNEVVAEGGFLRGAKLVLPDPS,315,5.142,MCP,75813
Adgers,CS_3542_Adgers,MTASLGMFNKPQPNAYGAQPLDKLIRKEVALGVIKEIVKPEDHLGLTLFPFKDVPTDDYIFSYVKGLTTGMAPAIAESAESELAQKDSGLANQGRASIIDWRLKDHYDAADVQRFLDLQLLAEANQFGPYGLPNTLLGDINQLPQRMQRDTEERRRRLDNRAEWLIMQSLSNGGIAYNDGNIKFSVDWKRPVDQQAQAPSSGTYASTTHDPIGDINKIKRLIYNRYGVLITRAICSNKFLLSLINSDKFILRAGLGTAANSGIGQSDIPYLINGWGPQVAIDIVEQQTGIKFIEYDSGYRSKPDFAQGPVTFNRYLPETRVIFMPDDNAMAEYDSSDIGLGKMLTSPHSMGNGSAGFYMWEQDTTDPWGKNVGTGIKMFPLFPHMELTYTMDVTLPADL,399,5.047,MCP,76008
ABCat,E_56201_ABCat,MPSTAQLEAQGRQLAKSIKDINADETKTAAEKKEALAKIEPDFKAHQAEVEAHERAQEMLKSLGGADAAKDGLDNDIPEVEVRNLKQIRKHLARAVIMNPELKNATSFEKGTKFDVSFNVSAKAADPGTAAAELMGAFADGETAPAAIGQNPFGSTGTFAPGILPTFLPGIVEQLFYELSLADLISSRPVTSPNLSYLTESAAHNNAAAVAEAGTYPFSSEEFARVYEQVGKVANALTITDEGLRDAPELFNFVQGRLLEGIQRKEEVQLLAGGGYPGVNGLLQRSTGFTASSASSLFGATSATVSNVKFPADGTNGAFVGQDTVASLKYGRVVTGAAGEGSGVAGSYPTAAEIAENVFDAFVDIQLTLFQTPNAVVMNPRDWELLRLTKDANGQYMGGNFFGNAYGNPVNGGKNIWGVPVVTTPLIPLGTILVGHFAPSVIQTARREGVTMQMTNSNGTDFVDGKVTVRAEERLGLLVYRPSAFQLIQLKKGATGA,497,5.028,MCP,76131
Pepy6,CC_14189_Pepy6,MKPDFGGYATKANLRCSDGRTILPDAFKHMDGMKVPLVWQHAHGEPTNVLGHALLEARDGSMYCHGFFNETDAGKHAKNLVAHGDINALSIYANKLDEHNRAVKHGQIREVSLVLAGANPGALIDNVNIAHGDGSITTLDDDVLIYTDETIELTHSEEDNMTIAHADDEDLTVQDVFETMNEQQQEVVHFLVGEALAGAGASASHAAGDEEDDSEDDGKDKTVKEIFDSMTEEQQNVVFFMVGQAVQEAEKASANKSSDTESGDDKTAKHADTLSEGSNIMSHNVFERAALSADDTNGKALSHSEIVEATSSIFSAAARTGSIKEAAEEYALKHGIEDIDVLFPDAKAVTATPEFIKRRTEWVSEVMSGSRHTPFSRIKSLTANLTFDDARAKGYVKGNMKKEEFFRVAKRVTTPQTVYKKQKLDRDDVLDITDFDVVAWLKGEMRLMLDEEIARAVLIGDGRSAEDEDKISEEHIRPIANDSDLFVTYVNVDLSGGTADKIVDALTLQRRHYRGSGNPTFFTSETILAQMLLHKDSLGRRIYATTADLAAALRVSKIVTVEIMDQPSVDVVGIMVNLQDYTIGADKGGDVSLFDDFDIDYNQHKYLIESRLSGALTRPKSALVVKAVAKSSTLVTPEAPTWDPEDKTVTVPTVEGVVYKNKKTNATLTTASPVTLNVGEELHVIALPASSSYYLASTAEDEFLFDYEDGMLGGAF,716,4.636,Other,76797
Bipper,Y_13900_Bipper,MEERLKRLIALRAKAGEELDKLVAERQAITDLVKEEAREDLTPEEDTEFRAKVAAIKAKQTECSGLDERIQELAEEIERSGKLSEGAAAVRRAQQKVESVKEARAYEKGNGHSYFADLIRSQRGLDGSGDAAERLARHAKDVASDAEYRDMDTVDGNGGFFVPPVWLVNQFIELPRAGRAYANLIPSEPLPAKTNSINIPKVTAGTAVAFQTADNQPVNEQDMDDAAIEAKVRTIAGQADVAIQLLDQSPISFDEMIFRDLIADFATKVDKAVLTGTGNNGQVLGVHATPGITTIAAATVDVAGFYSAVADGIQRIHTQRFLPPSHIVMHPRRWAWLTAELGNDGRPLVLPAANNPSNAVATMAGVVSEQVVGQLQGLPVVTDPNIGTTYGTGTNEDVVYVQRSADLALYESPIRSRVLPEVGSGTLTVRLQVYGYIAFTAERYPQSVVEITGLTAPTF,459,4.862,MCP,77832
Cosmo,V_57253_Cosmo,MANAFSKPTAVVDTAIQMLQNELILTNLVWLNGIGDFAHKFNDTITVRVPAPSRGHTRKLRGAGAERNLTVSDFTEDSFPVTLTDVAYHLGVLTDEELTFDLESFATQILPRQVRGVADILEEGVRDMIVGAPYEAAGAVHEVAPNEFFKGVNGARRALNELYIPQGRVLVVGTAVTEQILNDDRFIKYESQGQSAVSALQEARLGRIYGYEIIESTLIPHGDAYLYHPTAFIMATRAPAPPMGAVRSTAISGDQRIAMRWLVDYDSTITSNRSLIDTYFGLKVVEDPNGVGFVRARKIHLIPGSIEVAPEAGANATITAAAGEDHTVQLRVTDANGDDVTALCDFESSATDKATVSAGGLVTGVEAGTSTVTATLVTPSGDREDTIVITVV,392,4.685,MCP,78229
Galactica,BQ_57253_Galactica,MANTFLTPDVIARAALATLYETTVMSNLVYRDYEQEFQNVGDTITIRKPTTFTAQEYNRASGITVQNATETGVPLTLNHFADVSFAVTSEDLTLNILDFGEQLLNPAMEAITQKIDRDLIAQSTADVTQEVGVVSGTNPPLPGANEYAWDNPRVLIDAGRVLTQRNVPPTGRRAVIGPITQAAWLGDDLFNRADARGDTEGLREANLGRRVFGFDPYVTQNATPPSTTTGESSTEVGLAFHQTAIALAFRPLALPRGAQNAAIANYKGFGLRVVYDYDIDKKQDVVSIDCLYGIKVVDPNRAVLIKGADVA,311,4.598,MCP,81216
Gibbles,CX_3542_Gibbles,MSNVYTDFQPLGVAWNGAGKGAGSGGGSQVFTNPAAGAFSKPDPMLEGMGINQYAAGASLGQLVAQEQHIGLIRELTPPEAHTGLSIAPWLEVDSDDVVIDFINSTGSGLAPARAEDAESELFQFTEDITGQMRASVVDWAIKNAYTASDVTRYRQMRDAAAFLEGAGAGLPLYIRSIIDGFATKMDRDTERRKLWLDNRIEWLIWQAIVTGVIEYVDGKISWKVDFKRPTGQKNQSPASGAYNSGNAANMDPIGDVLKIVEWMWENKGVRIDKAWCSRKFLNTIYLSQKFIPRTGFAPAAGVDPRYVMEGWGPQAAIDILQRETGVTFYTNDNVFRARNQATGEIENIRYLPQNKVVFLPSDETIQLVDNTDIGFSKTLTSPHPMGDFTPGFYSWEQQETDPWQHVVGSGVKAFPVFPHMDKTFDWNVTL,431,4.796,MCP,81488
Zuko,BR_9942_Zuko,MARNTFEDWIPEEWDSQVIQRVQQVSVIESEAREYPMATDTRHIPRSAGVDVNGVAKGTAYGEDESVNDDVLLTAKKAGRAIRIADEDLQDSNVAILEQKRVDWATSWAKYLDNACLAVTAAESGVTVPYTSVYKAIRTSNSDTGYTADTNYVASATGGAVSYNNLSAVLAKVEVGDYWEEGMTLVIAHPSLREKLRNIKDDQGEPIFVRGQGGDSGTPDTLFGHRIRWSLGARTSATATHAPTGNPLMIVVNRDFLAIGKRSGPESRVAGPDTGAAFLTDEALLKMRARRAFALTHEKAAAVLEVLA,308,5.057,MCP,82302
Aziz,M_57253_Aziz,MANAFIKPPVIIASILGQLQHELVLPNYVFKNGYGDVAHKFNDTITIRIPVPTIAHTRGLRATGAARNMIASDLTEVTVDIKLTDVIYNRIDLTDEERELDVRSFAVDVLPRQVRAVAEQIEDAVSYLITKAPYEKVSQVAEDGIWNGVISNRRFLNEQKVPKDGRVLLVGSAVEEALLLDDRFVRYDSAGEAGASRLQTARIGRLAQYDVVTIDTLPHGDAYLSHPTAYAMLTRSPGRPMTNTVATSTVATENGVQLRWLGDYDATATTERSIVDTWIGVKAVLDPVTANLDDDPRFVRGTRLHLKATSAELTGPATIAGAGATAQLELEDNNGDNRAGDPLVTWSSSDATKVSVDANGVIKRVAAGSATITALVDGLTKTLAVTAS,388,5.055,MCP,83412
VanLee,Singleton_57253_VanLee,MANDFLTPDVIARQALATLYENLVMLPLVHTDHSQEFNGPRAQGDTVRIRKPAVLNASLFNRTNGIQIQDVDEDFVNVSMDKIADTSVAVNSEELRLDIQSFDDQIMSPALEGMAQFIDRQILSLKSDVTQVAGITPAGRGWDQPEVLIEAGRLLDIRKVPPTLRHAVTGPSTRAEWLDSDIIKHADKSGSTEALRAGSIGRNLFGFDAFMTQNVPQPAGSPATGQPTTEVGVAFHQSAFAFVSAAMEIPPGAEGAVQSYNGISIRVVRQYDINKKRTVVSFDVLFGIKTIDANRAVLLKGANAA,305,5.033,MCP,84560
Cafasso,DZ_57253_Cafasso,MANTFLTPDVIAETALATLYENTVMLPLVYTDHSTEFTGAQKVGDTVNIRKPAVFTANEFNRANGITVQEATEGSIPVKLDKIADVSFAVTSEDLALHIDDFDEQLLAPATEALSQHIDRALIALKADLTQVAGVTPAGRSWDKPEVLIEAGRLLDLKNVPNGLRRAVVGATTRAAWLDSDLLKRADTSGTTEALRQGSIGRNLFGFDAYMTQNVVSPAANPATGQPTTEVGLAFHPTAFSFVSAPLPVPPNASASVQSYKGLSIRVAQQYDIKLKQTIVSLDVLYGVKTIDKDRAVLLKGADKA,305,5.049,MCP,87157
Gray,DQ_56201_Gray,MTSTEAPDRIKELTSALDAKQAFIKEGLEKGVKIDGNNVEIKSEDYNALQDAMKDVNEIKSLIDMERLPEEIKSFLGEGGANTPTEQSAAMNAAALVFGAGAEEAKANGTLGEMFTKSEVFQHFKKSGHLTMAEAFETEAKDMASMGIERKDVFSSGLGTGSINPRGFGAIQFDPAVPRAQRTARVRNLFPVAATSANLIDYFRVLGFAEGADGRGNAQTVAERTRSDGSAIPQTGFRYGASQAGDVFGLKPKSNLRFEPAQAPVRTIAHWEAAHRNVIADEPQLQATINNELLYGLALAEDDQILNGDGTTENLLGILNTPGIQTYSQGSHASDRKSDALRRSATLSVIANYPGTGFVLHPFDWEEIELQKAQGDGQYMLVTNVAVGATTAVWRQPVIETPAMTEGRWLTGAFGIGAQLYDRQVASIRISEQHADFFVRNAIAILAEERLALAVKRPESFVLGTFADEEVAPTP,475,4.884,MCP,88970
Gaia,X_4589_Gaia,MAGITGTGTTFNLPNFVGELYSASPEDTPFLSAIGGLTGGVPVHGSSVFTWSSYDLRDAEDDRQRVEGNDAPTAEGRARAVASNVLEIHQEAVSVSYTKIAATNMFGGTAPFVGGLNPVQDELAWQLRQEFKQVARDVEKSFITGTYNMPANNSTARRTRGIIEAISTNSVDLEDASLTADDVLDLMQSVWASGGIQEAETRTLLVGGSVRRQLSKLFITDAGYKEQSRNVGGVSVKTIETDFGLCNVMLDRYVPDDTLLVVSLEECTPRFLEIPGKGHFFAEPLAKTGASDRVQLYGEIGLEYGNERKHGKLEGIGAPSSGS,323,4.658,MCP,90460
Cantare,Singleton_56201_Cantare,MPADQARINELNTVLDVKRDQLRDFAREGIHIDGQNVEVKSQDASKAKALSAEIKAIEFALGAEQGVKSQGFDGASYAMGANFDSAIGGMEAKSLGEAFTASAEFKDMRKSGRNTMDSPFEVEVPNVAEFGTYGQKDIFTGSAPTTTTRGFGKIQRDPVVPRPKRTARVRDLFNVASTSANLIDFFRVTGFAENNGAGNAQTVAERTGTEGTDAVFGLKPQSKLQFTSAQAPVRTIAHWEAMHRTVLADEPQLQAIINNELLYGLALEEDDQILNGDGNNENLLGILNTPGIQVYAQKAGDTKADALRRASTLSMIANLPSTGYVMNPLDWEDVELTKATGDGQYVLVSNVAIGAQSQVWRSPVVETPAIAEGTFLSGAFGLGAQLYDRERATVRIAEQHADFFVRNALVALVEERLALAVKNPQAFVKGTFATA,435,4.941,MCP,90743
Bantam,DL_56987_Bantam,MADNILYDPVHPDAATSFVRKIPVPSDHVLSKYLPDREIVGQRVEVTEAVLISRTAQFRAFDAQPTKLERDGYSKRELGLLPLTVEGGYGELERLKIDSMRLKGTNEQPIVEAIYDDLTNGVEAVRNRIELARGELLSTGKVQINENGIVGAIADFKVPASHFPSAAVEWSDVETSTPIEDLTAWVLAYKQANGFAPAGMIVSRQTLSYLQRNKEIRVHNNLQANGGPTLVGLDVVSNTLANFMLPPIVEVYDTILNDPVSGAPVRVLPENQVIFVTPTAKDLGETIFGAATASRALAASSATEMSMESAPGLVGMVIQEPDFPYQEKVIVDGIALPILNSPKALFAPTVY,351,4.73,MCP,92580
Aphelion,CQ_56987_Aphelion,MTNILNAPVHPDAATAFVRRVPDPAGNILSQFLPDKTIEDTRVEVTDVELTSATAPYRSYDGNIPRIKRDGFSVRQIEMLPMSLQGGKGEYERLQLEKVRQNGGSDTAIVEAIYNDLEKIVINIRNALEVYRGKLLSTGRVTVAENGVFTEADFGVPASHFVTADTPWADAENARPIEDELAWTELYANSYGQAPGGQIVSRKTMGALRASKEIRAAAGLESSNGPRFVSNEVVNAALAAFDLPPIVAVYDQMINGQRVIPEGKVIYVPQNASDLGNTYWGVSATAMELLNAAQTDSSFSDAPGLVGVVIKTGPPFQEAALVDSINLPILNNPKALMVADVN,342,4.636,MCP,93276
Rasputia,GC_72112_Rasputia,MAPTARRKAFRRSIISLATAYAEQVEGEGTEDELVIPEDLSTLSTEDLSALNTRATDSFNAVYGDGSNNLTDDEYEVLSALSTGIEALGVELEAREELAAERRNKAAELAARVNGAEAAATTDGADETLAKKDKDEEDEDKKKHAADAEALAAEAEAVQPESVTASAAVAERPAIRVSMANVRSRAPRQATAAKQSVQEGYNTDVEAPTSLKDIMFSNSSDLGFRSGEAVDFADLGVAVDKRLGSFNESAYAKANKSERHIRDQHSLAVIKKPFADDLIIRNNDPIHVEEVLSRAVDESRLPGGSLTASGGWCAPSEVIYDLIGEVESRDGLLSLPEIGVARGGVSFTRGPDFADIFADIVGFSYTEQNDIDGEYGVDANGIGNATEGNKPCYKIECPPFVEYRLGIEGLCLSAGLLQQRGYPEVIARTIRGALVAHDHRVNGRMIATMVAGSTAISMAANQVGTIAPILTAVELQVEHYRAVRRMGRGTTLEAVFPYWVRGAIRSDLSRRLGVDPDTSIDVTDADIDRWFRSRGINPQYVYNWQDVAGTAATAFTQWPTSVQFLLYAAGTWVRGTSDIITIDTLYDSVLLGQNDYTALFTEEGVFTARRGQDSRVITVPITADGATAAGVDIAHNGSLVPTV,643,4.549,MCP,97105
Yvonnetastic,Singleton_56987_Yvonnetastic,MANENILMDPVHPDAAIAFAREVPDQAQNVLNQYLPDKTIQDTRVEVTEVEMTSHVAEYRSFDGSIPRLKRDGYRVSQVSLQPLSQRGGYGEYERLQLEKLRQNGGSEAALADAIYNDIERSVKYIRNRVEIARGQLLSTGQQVINENGVNLSADYGVPDEHFVSPEVEWTDVDDAKPIEDLLKWVEVYADSYGAVPAGMLMSRKTKGLLRASAEIRNFANMNVVGGPRFVNDAVVASALDNFDLPGILPTYDQKIAGNRVIPEGKIIFLPPNPADLGNTYWGITATAMELLNAAQTDLSFADAPGLVGIVTKTGPPFLQEVIVDSLVLPVLNNPKALFVADISVGTAS,349,4.522,MCP,98136
Ariel,J_13900_Ariel,MPKFFGQFPERIAFSVEKHLEELRALRAAAVEAVATLKAERQAIADGAKAEERAALSADETAEFRAKSASIKAELDKVEDLDEQIRELESEIERSGKLEAETKTVRKATVEVNEALTYEKGNGQSYFRDLAMQTVGMADEPAKERLRRHMVDVESDKEIRKIAKVGEEYRDLDRNGGTGGYAVPPLWMMNRFIELARAGRTYANLCPTEPLPSGTSSINIPKIKSGTSTAVQAGDNTNLSDTTNGSHETDLTDEFVQANVKTIAGQQGVAIQLLDQAAVSVDEFVFRDLAADYANKLNVQVISGSGSNNQVVGVRATSGITHVTATSAGSALEKHQIIYQKIADAIQRVHTSRFLEPEVIVMHPRRWASFHAIFADDDRPLIVPSGPGYNNLGVLTEVASQRVVGQMHGLPVVTDPTLPTTVNTDQDVIHVLRASDLALFESSVRMRALQETRAENLSVLLQVYGYLAFTAGRFPQSVVEISGTALSAPTFA,492,5.161,MCP,109801
Qui,FK_14189_Qui,MTPKPDFSGYATKNGLKCSDGRTIMAGAFKHNDTMRVPLVWQHLHNEPENILGHAILENREDGVYAHAYFNASEKAQTAKIAVKHGDITMLSIYANNLTQQGKNVLHGDIKEVSLVLSGANPGAKIDNVNLMHGDGSLDALEDEVIITTGLTLEHSDDEVQHAADEKTVKDVFDSMSEKQKNVVYFMIGEALDSAKNGDSELKQSNESDNIQHAEDGETVKDIFDSMTDEQKNVVYFMIGEALESEGEALEQSGISHGEELTNQEILDTLSGEQQEVVYDLLGEALSHSDTETLDRGLVQAVFDTLNEDQRAVVTDLLGEALNHAQTQGDVMTTTIQHADEETVKDVFDSMSEKQKNVVYFMIGEALENADGGSELKQSEDLSNSIAHSIQEGFATMSRNAFESNGTATEDRPTLSHSQLETIVADAQKLGSFKESFLSHAGTYGIDDIDILFPDAKSLSNAPDVIGRRQEWVQDVLGGAKHSPFSRIKSTAVDLTADEARAKGYVKGNLKKDEIIKLLKRVTTPTTIYKKQKLDRDDIVDITDLDVVAWLKAEMRVMLDEELARAILIGDGREVDDEDKIDEEKIRPIARDVDMYAHAITVASELSADAIIESVLRTRTYYKGTGTPTFFTTDAILTDLILLKDKVGRRLYETEASLAAALRVSKIVTVEVMESAPDILGIVVNMADYTIGADKGGQVSMFDDFDIDYNQQKYLIETRVSGALTKPKSAIVIKKTLGVVVSPQTPSFNGATNTITVPSVAGVVYYNAETGAQISGSVVISETTEVEARPDTGYSFPHNTDADWTYVYSS,810,4.47,MCP,113685
Annadreamy,BK_15120_Annadreamy,MSNELLEKVIRTTEVGAGGGGLLNAEQADRFIDYMWDATVLGSQVRTIRMRATEVDIDKVGVGERLMRVATEAVDDGVNAGAVFTKISLTTKKLRLDWELSTESLEDNLEGEALEDHIARLMATQAGNDIEDVAINGNTALTSDPLMKAFDGWRKLALAGGHVVDHGGQPLNRAAANKALKAMPRKYMQRRNGLKFFTGSNLIQDYLYGLTQTASGLISLEQVAQNVTQNGVRTEGAAGFTSQAIFGVPVQEVPLFLETLDGDYSGQTGDHGDLWLTFPKNMLWGVKREIQVYREFKPKKDTIEYTMYCRVGTQIENADAFVVVKNVKVSS,331,5.106,MCP,125726
Gilgamesh,Singleton_56201_Gilgamesh,MPTSRVEELQKALQLKSAEAERISQTFKVEDGGQFVVSSDQAKAFKKVSAEAAEIKSLIDAEQNLTEVKQYLDAPDAPPAAATHYGQRPGIEEKSLGDLFVESGSYKTATAQQFRDKPYIRADIEGKSIFSLSAGTVTHQVLGSAQNLGIAERPFRKFHIRDLFPKSTTKNAVLYGARETGWTNNARQVKERYAADGTSPATGADTDTWGRAPRSKLSLTPVMYPVAEIAHLLDSHKNILSDEPRLKTFINTRMVEGVKYAEDWDLLHSVGDGQSLTGIYNTPGVQQYTGLATDQYSVQIRRSITKALLAEYDPTGIVLSPTMWEHVEVEEDKNGAFRVAIAVAIGAEKKVWRLNVVETTAMADDDFLIGAFGLGAQLHDRESISVTVSSENAENYEKGLITFRADERLALEIPRPESFVIGTWTTPTV,429,5.249,MCP,129136
Battuta,BE_15120_Battuta,MSDELIEKVIRTTEVASGGGGLLNAEQSNRFIDYMWEATVLGTQVRTIRMRADTVDIDKLGIGERLMRVATEAVDDGVNAGATFSKISLTTKKLRLDWEISTESLEDNIEGDALEDHIARLMATQAGNDLEDLAINGDTALTGNPLLKAFDGWRKRALAGGHVIDHGGNGVDRSVFNKALKAMPRKYMQRRNGLKFFTGSNVIQDYLFSLQNTSADYVTPEALAAAGINSGVRTEGPAGFTTGNAFGIPVQEVPLFEETLDGDYSGASGDHADVWLTFPNNMLWGVKREVQIFTEFKPKKDTTEYTMYCRVGTQIENADAFVVVKNVKIAS,331,4.831,MCP,130734
Grayson,CB_15120_Grayson,MSNMNIEKVIETSTVGSEPGDGFLKIEQANQFIDHMFDASVLWKEAEKRKMNASYAEWPTARVGAKLVRKATEGTDTGINAGASFTKVSITTTKLRLDWEVTTESLEDNIEGEDLDTHLVKLFSGALANDIEDISQNGDVTLLPTDATLGAFDGWHKKAIAGGHVRNHVSGDGAQLGRSHFNKAINALPRKYKQNKGALRFYGSSNLVQNYLYSQSDTNVIPSEYVYGENHLRQFQSPDGAAGYESRVRPFGVPLVEVPMFDTEFNELNAGTGNDAHDSTSYLELTYAKNRIIGVQRDIQVYREFVKKKDTIEYTVYTRVGVAWQDLDAVVTVTGIPVLD,340,5.061,portal,131801
RedWattleHog,DX_8332_RedWattleHog,MSTALVAQGSGFGRVAKASDEYVKEIVARKQKMAGRTLTAAEKKQKLASILADRQNGILRLGQSMIGPIQLQLRYQGILRNVLIEDALTPGVPIQYDVLDDLGQAYILHGNEGEVRITPFEGKRVEVRLFRIATFPKIKKEDLYYLRSNLVEYAQDQSKQAIMKQEDARLITLIEAAAAQYRTVDASAAPGGALPNEITITTPTLTPDDLYTAVTYTSTRQLDSARLLVNPAEYYDFYRWDINTTGWAFKDSVVAGEKIVQFGQFQIGQSIMIPKGTIYLTPEPQFLGVFPVMYSLDVEENPQVEQFHKGWVMDELVGMAILNARGLIILRKS,333,6.099,MCP,135372
Phrappuccino,AA_8332_Phrappuccino,MNLPAAVGSGFGRYATHSDEYVAQAQNMLQRMGRKLTAAEKQTKLANILRDRQNGLLRLGQSMIGPIQLQLRYQGILRNVLLEDACTPGVPIEYDVMDDLGQAYYLHGNEGEVKITPFEGKRMRVEMFRLATFPQIKKEDLYWLRSNIVEYAQDQSKQAIMRQEDSRLITLLEVAAQHYRTIDSTAIPGVGPLPNEITVASSYIQPGDLYTASSYTDSRLLDSTRLLCGPIEYRDFYRWEINNVGWAMKDSVVAGEKIVQFGEYQIGKSVIIPKGTLYLTPDPDYLGVFPVMYSLDVDEDNQVERFVKGWVMDELIGMAIINPRGIVIIRKAA,333,5.312,Other,136361
Finch,Singleton_8332_Finch,MTVSVAQGAGLQRVAKASDEYVQEIVARRSKMARTLTAAEKKQKLASILADNQNGILRLGQAMIGPIQLQLRYQGILRNVLLEDALTPGVPIQYDVLDDLGQAYIMHGNEGEVKITPFEGKRVEVRLFRIATFPKIKKEDLYYLRSNIVEYAQDMSKQAIMRQEDGRLVSLIEASAAQYRLVDPTAGIGGSLPNEISIAGSTLMPDDLYTAVTYTDTRQLDSSRLLTHPAEYRDFYRWEINNTGWAFKDSVVAGEKITSFGEFQIGKSIMIPKGTTYLTPEPQFLGVFPVMYSLDVEENPQVEQFHKGWVMDELVGMAILNPRGIVILRKA,331,5.644,MCP,138896
E3,Singleton_8332_E3,MTVATAQGSGLGRFAKASDEYVNQIVAARKRLAGRKLSATERKAKLASILADSQNGMKRLGQSMIGPIQLKLRYQGITRNVLLEDALVPGVPVQYDVLDDAGHAYILHGNEGEIRITPFEGKRVDVSLFRIATFPTIKKEDLYYLRSNVVEYAQDMSKQSIMQQEDGRLVQLLEAAVLQYRMVDSAADPTGGSLPNEITVAGTSLSPNDLYTAVSYTDQRQLDSSRLLCNPQEYRDFYRWDINTTGWAFKDSVVAGERIVQFGEFQIGKSIIIPRGTTFLTPEPQFLGVFPVMYSLDVEENPQVEQFHKGWVMDELVGMAVLNPRGIVVLRKA,333,5.847,MCP,142563
NiceHouse,CE_15120_NiceHouse,MSNESILQKVITSTNLGTGVAGDGFLSKKQAESFISYAWDATVLAKESETRIMNAPEEEWTVVAVGARIARAAVEAVDTGKNAHPSFSKVSIRTSKVRLDWELSTESLEDNVEGQNLDQHLARLFAGQFGQDMEDLAINGDTTSSDPLLKTFDGWHKQAMAGARVFQHVGGASVGLNRADFHRALSNVAPKYGRRNDLRFYASTQLLQDYMFNQSEMGNVPNEIVLQALSSKTGPSGPAGDSPVRPFGVAIREVPMFATDFNEYNSQTGTNLGEDTTSYLELTKPSNRIWGVQRDIRLYREYSVKKDTIEYTMFFRVGIAWQNLDAVVVIDNIPVIQA,338,5.068,MCP,142586
Pupper,DO_8332_Pupper,MVAAGSGLGRFSKGSDEYVSDIVNARQRLGNRKLSAQEKQVKLAHILSDKVGGVTRLGQSMIGPIQLQLRYQGILRNVLLEDTLTPGVPIMYDVLDDLGQAYMLHGNEGEVKITPFEGKRVEVQLFRIASFPKIKKEDLYYLRANIVEYTQDYTKQAIMRQEDSRLVTLIEASLKQFNVTDPSSNPVGGDLPNEITVAGTHLMPADLYDAVTVTDQRLLDSSRLLCHPQEYRDFYRWDINTTGWAFKDSVVAGERIVQFGEFQIGKSIIIPKGTTYLTPEPQFLGVFPVMYSLDVVENNQVEQFHVGWVMDELVGMAILNPRGIVALRKA,330,5.471,baseplate,150830
Ading,C_8332_Ading,MTLPVAVGSGLGRFAKASDDYVADIVEAKQRMGGRKLSAREKQAKLAHILSDKVGGIQRLGQSMIGPIQLQLRYQGILRNVLLEDTLTPGVPIQYDVLDDLGQAYMLHGNEGEIRITPFEGKRIEVQLFRIASFPQIKKEDLYYLRSNIVEYTQDMTKQAIMRQEDSRLVTLLEAAAVSYRVVDSSAQPGVGALPNEITIAGSHLMPDDLYTAVTYTDQRQLDSSRLLANPQEYRDLYRWDINTTGWAFKDSVVAGERIVQFGEFQIGKSIIIPRGTVYLTPEPEFLGVFPVMYSLDVEEDNKVERFNKGWVMDELVGMAVLNPRGIVILRKA,333,5.331,MCP,157399
Myrna,C_8332_Myrna,MTLPTAVGSGLGRFAKSSDDYVADIVQAKRRLGGRKLSTPEKQTKLAHILSDKVGGIQRLGQSMIGPIQLQLRYQGILRNVLLEDTLTPGIPIEYDVLDDLGQAYMLHGNEGEVKITPFEGKRVPVQLFRIASFPQIKKEDLYYLRSNIVEYTQDMTKQAIMRQEDSRLVTLLEAAAVSYRVVDSSAVPGPGGGALPNEITIAGTHLMPDDLYTAVTYTDQRQLDSSRLLANPQEYRDLYRWDINTTGWAFKDSVVAGERIVQFGEFQIGKSIIIPRGTVYLTPEPQFLGVFPVMYSLDVEENNMVEQFHKGWVMDELVGMAILNPRGIVILRKA,335,5.536,MCP,164602
EhyElimayoE,BM_55754_EhyElimayoE,MTALNLLDGIKATSNPEFERIAEAHSKRRVAIRENADSRLVKLNRAVEFLRLKREAEFGSPVAMGRLREAVSSGDFPLLFQSISQASMLGQYADLPQQWPTFSVRTTVPDFRPARMVRWDTVAGQQQTTDYNGGAERHVRALPRIPELTEYPTFNLTTEGTDYFVNKYGARFPFSWEAFMNDELRVLQQLPTEMARWARDTEDVLTTGVLATSTGPNPDFFNTTEDFGGQAPAGNYVPGNPPLTLDALEHAINYIGMRQVAGRQVRVQNYVLLVPPSLALTAQEISQSTTYMRVRQLPDGTEMRQNVSSPIAGRFTVVESSWLPLIDSSANSATTWYLVPAGGQTDRGPAIVTAFLRGHETPEVRVMGDTGRALGGGEINAFEGSFSHDDIQYRVRSIIGAAGIDASAVAVSLGTGQEAALSMASIGGGSVSGPSGS,437,5.222,MCP,186386
